ID Receta,Titulo,Calorias,Carbohidratos,Proteinas,Grasas
Cdd6uX6fxnchC7gmerft,Mocktail de Pepino y Albahaca,5,2,0,0
eZwvyunb89iOTIcY4RH1,"Agua con Gas, Fresa y Menta",5,2,0,0
VyTDmw1ITh1v5eNCEt9D,Lechuga Romana,8,1,0,0
D5ezwv1RpCMui31jhLLV,Soda Italiana de Crema de Naranja,10,2,0,0
03duuZrboNXwfRC0MBD6,Dip de Yogur con Espinaca,15,1,2,0
4owcXBQ1af4u50Wyz3o6,Salsa Casi Suave,15,1,0,1
RNlYga9fV9KxgEjFKoux,Crema de Pesto de Albahaca,15,1,2,0
VUchTzv4yzzbNtNkHR7D,Salsa de Piña Asada,15,3,0,0
f2lNd3DvZV7Wqc5nxG2o,Ensalada de Pepino y Cebolla,15,3,0,0
zMs8P8zUI1rJvdZIFQZi,Salsa BBQ Endulzada con Frutas,15,4,0,0
HBjq21SzTmnwWIk3O9wN,Ensalada de Zanahoria y Repollo,20,4,0,0
HssFQ1KHiCAPwXTeFTsy,Aderezo Ligero de Queso Azul,20,1,1,1
QJx7Yw0FMyE1Arxi13Cl,Coulis de Pimiento Rojo Asado,20,4,1,0
yBEQK32vDpNCQ3XqjFtT,"Fresas con Glaseado de Balsámico, Pimienta Negra y Estragón",20,5,0,0
9BMBRLM0r4URdoKmEEU7,Aderezo de Ensalada de Aguacate y Lima,25,2,1,2
LqDD6KTrLwB5DGec1ss8,Brochetas Caprese,25,1,1,2
uI6nWIxaOXqwRGN99QUb,Granizado de Sandía y Lima,25,7,1,0
vMv2vPWsyRL5T2rXOsQh,Salsa de Frijoles Negros y Durazno,25,4,1,0
uW1evyQh5BPLj5AhKT6n,"Brócoli, Congelado y Cocido",26,5,3,0
6DdFsZXKJdXX27h2WGY2,Champiñones Portobello y Cebollas con Glaseado de Balsámico,30,5,1,0
Kw6ugBCSIiQY2figrFWa,Verduras Cocidas Sabrosas,30,5,1,1
TMG7iIh3KxFPYUp7WcvM,Salsa de Frutas del Bosque,30,5,0,1
YswIe9dEKk3UPHuRbysL,Rábanos Asados,30,3,0,2
aKerNxBZ4NEUH9OGCR8K,Coliflor Asada Simple,30,2,1,2
834RgWPTVDW8BJQFB4jL,Guisantes Dulces con Limón y Menta,35,4,1,1
YSwvJDW556SZNZhnZPb1,Salsa de Arándanos,35,7,0,1
kpqy06muDMqUwuObNsVk,Espárragos Asados con Parmesano,35,5,3,1
pCSnWTC540ZyBBsczBib,Judías Verdes de Acción de Gracias con Arándanos y Avellanas,35,4,1,2
rd06NHJASIQq3pD97fap,Judías Verdes con Arándanos y Avellanas,35,4,1,2
xXVOxr0nG6aLNLY7cCbR,Dip de Frijoles con Hierbas,35,7,2,0
5ZTg1QM2husvqaYt3sOe,Verduras de Collard del Sur,40,6,4,1
B4p9zAZJXLkrSia9StM4,"Dip de Remolacha Asada, Tahini y Yogur Griego",40,2,1,3
SivyHSj0Vtmd3xuDKAwS,Dip de Espinaca y Alcachofa,40,3,2,1
dvztVerzrcUTkhsQNChs,Calabacín Mediterráneo,40,3,2,3
gGchoEYFslKVm7NcBAhj,Bastones de Apio con Hummus y Pimiento Rojo,40,4,2,2
h84OhVfttwxgEjnfJZQB,Ensalada de Salsa Italiana,40,4,1,2
hzeH92PTHI5yTWhELqp1,Tartitas Mini de Calabaza,40,4,1,2
nK0R0RQQBVUg1qzk3pfg,Repollo Guisado con Manzanas,40,7,1,1
reZJTKSigGpsudLCQmwm,Sopa Fría de Estragón y Tomate,40,9,2,0
vlGPBdgCjAlK9YEjJGlS,Ensalada de Acompañamiento Simple con Vinagreta de Balsámico,40,6,2,1
B44utUPbfzBUDS5NpDQn,Dip de Taco Saludable,45,4,3,2
EJy80yKx0Ktbkh4lbk8f,Guacamole de Pepino,45,4,1,3
Szyipn1FQQ9YijYb9PY1,Ensalada de Espárragos Asados,45,3,2,3
bRzv1jxabAN3G9VZAl6x,Calabacín a la Parrilla con Queso Feta,45,3,2,3
0RikxtxtdQowJ3KmzwH2,Chowder de Calabaza con Pepitas Tostadas,50,12,2,0
0VOG7YtI228EibdHhP7X,Pasteles Salados de Coliflor y Queso,50,3,6,2
6XKJwju4seOa7F8jp22v,Hummus de Lentejas Rojas,50,5,2,3
8ibWwRty5k13Y08TwwQZ,Berenjena con Relish de Pimiento Rojo Asado,50,7,1,3
8tGToYaCOUuxSKqfkoHZ,Champiñones Rellenos de Bruschetta,50,4,4,3
Azu8fC3jV3baS94HkQfQ,Tomates Chispeados al Estilo Italiano,50,5,1,3
COykTLnJEsxZaIpcAuSX,Tomates con Estragón,50,8,2,2
CWntB2AnvFugPX68PHqX,Chips de Manzana al Horno,50,13,0,0
HkfsBWYa2R9d66VbAUOY,"Espárragos, Pimientos y Champiñones Salteados",50,5,2,3
I4rZPTWNOMweSrBFbM9k,Vinagreta de Frambuesa,50,2,0,4
LEyNCOT9OVhteK1ochGb,Bocaditos de Huevo con Espinaca y Parmesano,50,3,6,1
aJG68NZNYAFRNc6BVCOg,Brochetas de Camarones a la Parrilla,50,0,11,0
b3yKCwiNqJbTw9vf5ahY,Pastelitos de Alcachofa,50,4,3,2
cM7kYoyUd4DqBMcIuNGd,Gravy Cremoso,50,4,2,3
iW1Lr4rSXZI2WYDPu01e,Champiñones Rellenos,50,3,4,3
mNthkNh2PysPbK51hFwV,Bisque de Tomate y Albahaca,50,10,3,1
pwVop6bCF3v7VvY36EFl,Masala de Batata,50,5,1,3
wnnaxi6HIZa2n2wgmkJk,Ensalada Picada de Verduras con Feta,50,9,3,0
z0oWRtvcKy2FguqGWL4X,Zanahorias Baby Asadas,50,8,1,2
D6I58pCOqji0WIIOAiYL,Mini Frittatas de Verduras,55,1,6,3
LHQK0KqVpfdvobNIkF4z,Galletas de Quinoa y Chispas de Chocolate sin Gluten,55,8,1,2
x19JMcBFpsadzkTwHmSc,Dip de Aguacate y Pepino,55,3,2,3
nQKJ1TPFJserQG9QnHp7,Crujientes de Pita con Ajo,56,12,2,1
3708WncuMh5TOEDjn3Jm,Ensalada de Aceitunas Sicilianas,60,3,0,6
3dCFcXKblFjgLviP5hNp,Coles de Bruselas y Calabaza Butternut Asadas,60,11,2,2
4Fnj6Qopy6ZWikMcOa22,Judías Verdes Picantes en Freidora de Aire,60,7,2,3
539XO9W7EPwVy7Db5DKk,Judías Verdes con Champiñones y Cebollas,60,8,2,2
5sMwu5TUBF2vYsPuktky,Okra en Sartén con Tomate y Cebolla Dulce,60,10,2,2
BHKkebGhNWTy9UBKcv6I,Spritzer de Fresa y Kiwi,60,13,1,0
Cg6OvILDz4NYdj18ncPO,Repollo Rojo con Sidra de Manzana y Miel,60,8,2,3
Dymw7Ctce8bASYDAuseG,Dip de Frijoles Caribeño,60,9,3,2
FuF0epFemm6jrf9AllCo,Verduras de Otoño Asadas,60,7,2,4
HFlMwSi9g7TCRGqJyie8,Bhutta de Maíz (Elote Asado),60,13,2,1
OC46tRgwg74rtDQaivNq,Muffins de Huevo Fáciles,60,1,6,3
Olw7z5ArYHhCihNdzsvp,Puré de Patatas Mejorado,60,7,2,2
kIR15CWd1J2IolDhPRHn,Espinacas Salteadas con Ajo,60,6,2,3
nx4k15mSjIUZxky1qGhz,Maduros al Horno (Plátanos Dulces),60,15,0,0
pWbl63OlRKxLOWfHqbBv,Ensalada de Sandía y Tomate,60,6,1,3
pjMiennANubb1fJRvmvW,Bruschetta de Salsa de Mandarina y Prosciutto,60,10,3,1
rZj20ypaKwveWRuifGNq,Broccolini y Ajo con Toque Picante,60,8,4,2
tEaCmBj0BQDpwr9AAypb,Frutas del Bosque Mezcladas,64,15,1,0
5Kj7sbnOjsNeoBx5qmtP,Ceviche de Camarones,65,5,4,0
BSEJxOUdPYJ0nAh1rqG6,Wraps de Lechuga con Pollo,65,2,9,2
EB4DiSsqFavuJdWPjefD,Mini Bocaditos de Cangrejo - Receta Rápida,65,5,5,3
S6d9RjRr5zJ9zRm5adsA,Camarones Venecianos con Ajo (Schie Aglio Olio),65,2,8,2
aWzgGmqHLoiXiKN4TYQB,Galletas de Parmesano sin Gluten,65,7,2,3
qh2Oz0KM0EyJ40C5mncC,Verduras Asadas,65,10,2,2
0kMG1QyH9Nfey5FRJnn4,"Frittata de Cebolla, Chalota y Hierbas",70,4,6,4
0z4ZyowHveEJmlrfovM0,Puré de Coliflor al Horno,70,5,4,4
29Lyrzde34LfX03IQj3n,Bocaditos de Avena con Mantequilla de Cacahuate y Banana,70,7,3,4
8Mo8CXC5A73qW39G2HJJ,Paletas de Batido de Frambuesa para Niños,70,13,3,0
9mUC4qbz3BcKGUQGWu0a,Bastones de Apio con Almendra y Arándanos,70,6,2,4
E0TAehKoMUVK2tw2q31C,Remolachas Asadas con Limón y Eneldo,70,12,2,2
Fuh7Ql2IFRgi0NxVydpJ,Kale Salteado con Tocino de Pavo,70,4,4,5
GXywwU2OCrc7ACIWBtAN,Ensalada de Aguacate en Abanico,70,5,3,3
Lv76dnbMgYIeJEcld1fy,Ensalada de Huevo Fácil,70,2,5,4
QBHaFmH5hKgMK4ukZdEi,Hummus de Frijoles Negros,70,8,3,3
T9R7TQmOszrsThy4d7sh,Galletas de Lino con Romero Bajos en Carbohidratos,70,4,3,5
V5WtQR0asj7wqGiYSakL,Pasteles de Verduras de Raíz,70,13,3,0
bI67Vmsiw0sUZyEM5TgE,Manzanas con Jarabe de Maple,70,14,1,2
m05M0hf6kx1TonctiaKf,Brócoli Amandine,70,4,3,6
n4bJz1g9BcjHR6Z8rFqz,Hummus de Masa de Galleta,70,9,3,3
nRWH39JbOGCmFuAcbNJo,Sopa de Zanahoria con Jengibre y Especias,70,9,1,4
pZtc9X0zf0Wdqx1DsDoz,Dip de Ricotta con Perejil y Eneldo,70,4,5,4
r7GVQpkPSD0TCYlOzHW3,Judías Verdes Asadas con Vinagreta de Champagne,70,9,2,3
sYA6Kev3UyRYK22Dnyu3,Espárragos al Sésamo a la Parrilla,70,6,3,5
ytxnarw2JKgWQx148qxH,Ensalada Simple de Pepino y Tomate de Verano,70,4,1,5
yua1IItdloxKNGXEvaoo,Berenjena a la Parrilla con Queso,70,5,2,5
zfIWsf75Ut1cH0gxG8kR,Verduras de Primavera con Glaseado Dulce,70,9,1,3
TNndvdvun0MKvpdG6sWg,Ensalada Verde con Vinagreta de Frambuesa,72,6,1,5
5XomtNn2qMARi2L7gjtw,Zanahorias Baby y Dip de Crema Picante,73,10,3,2
CUzxeiUW6ICOYoX4HTlc,Corazones de Lechuga Romana a la Parrilla con Vinagreta de Champagne y Mostaza,75,3,1,7
E0IrSDRD4YonXUVdr04x,Salsa de Tomate y Pimiento Rojo Asado,75,3,1,7
H5oOPXivzRpIsIwENRAq,Barcos de Calabacín Rellenos de Bruschetta,75,9,3,4
IOYERpFtFnqtnOr8K4KI,Ensalada de Tomate y Durazno,75,10,1,3
KgTSlssTWt6J7slqJNGd,"Huevo al Horno con Espinaca, Tomate y Queso Feta",75,1,7,4
OyykDNvBUIdt5wvPI12c,Brochetas de Pavo con Aguacate y Tomate,75,3,9,3
OzegsPgrJuINbYmQbZfk,Verduras de Invierno Asadas,75,14,2,2
PzxlXkTsBOfZlBOpllF0,Calabacín con Maíz y Pimientos,75,11,2,3
VHsheEWoz8uwPrjdeC06,Coles de Bruselas Asadas con Miel y Mostaza,75,10,3,3
fKpI2xEgoXyV9t50arRS,"Trifle de Pudin Rojo, Blanco y Azul",75,15,2,2
hiLjsh0OTTsnFUTVEOXJ,Alitas BBQ Sin Hueso,75,8,8,1
o8njo0zleB4CT6prjRyj,Espinacas y Kale Salteados con Ajo,75,7,4,4
7gRdvrPWzKv4lJyXafBN,Huevo Duro,78,0,6,5
15QDl46vAyACcrZtgmsM,Brócoli al Horno Crujiente,80,6,2,4
6zuu2MteAyYZ3HSa2DNg,Pizza Margherita (Pan de Nube),80,4,4,6
ABjawqh9EP902TPRbj8s,Alitas de Coliflor BBQ con Miel en Freidora de Aire,80,16,4,1
H2hYzUgq1fZbPabmg98U,Lasaña de Calabacín sin Fideos,80,5,6,4
I8N089FYJqEal2KY3JJv,Ensalada de Coles Sureña Dulce,80,10,1,4
Jajh0xY09ljTHwo3lfOx,Mezcla de Pimientos,80,7,1,6
NX26yen4d2D4Fef2uvaX,Coliflor Entera Asada con Vinagreta de Limón,80,4,2,7
PRhljk2z87zfleEnVTjP,Bocaditos de Salmón Ahumado y Pepino,80,3,5,5
QQgHl7YQ8DQHHxKFgwgR,Sopa de Melón con Jengibre,80,20,2,0
QR51PNPIng1syiahwcPO,Coles de Bruselas Festivas con Arándanos,80,10,2,4
RiNSIdNOnLPAek29Q0bP,Curry de Espinaca y Batata (Saag Aloo),80,12,2,3
WtHSK5m8D8JsbnahyH9b,Ensalada de Cangrejo de Verano,80,3,11,2
Y7w50PbF3ksfhMEH2ozm,Arroz Frito de Coliflor,80,8,3,5
YMc8tM4glHIcQvww2UAM,Coles de Bruselas con Naranjas,80,8,3,4
bbbEla9fFOGuUpk1vDyn,Bocaditos de Mantequilla de Cacahuate y Chocolate sin Hornear,80,9,2,3
cAFEXUotFcjJDw0IO9MN,Coliflor Asada,80,7,3,5
cE5m3gYUmJf244YaX069,Helado de Fresa y Banana,80,19,1,0
fdcBUObX7LMgIpIjdU1v,Galletas de Mantequilla de Maní con 4 Ingredientes,80,3,4,7
ip6rHirRxLejyDkqRWDh,Ensalada de Invierno con Cítricos,80,10,2,4
jD0j1wFKPBAE9e4G5ulM,Espinacas Baby Salteadas con Grosellas y Piñones,80,7,3,3
ljPaUJ1jb8toDZu7RYKX,Brochetas de Frutas y Queso,80,12,5,2
mM9giDAajWzNRF9uha6x,Rollitos de Primavera de Verduras con Salsa de Cacahuate,80,9,3,4
pn0nDiJDnawMfCpRruEJ,Coles de Bruselas Asadas con Maple y Tomillo,80,11,3,4
sjpW5RGOH6OsWqPY2fNS,Dip de Queso Rápido y Fácil,80,3,4,5
ux6gioGkdywis47dEEGW,"Tazas de Huevo, Champiñones, Espinaca y Jamón",80,1,8,5
AwcJjMXgW28oN4zWNHKg,"Gazpacho 2,2,2 Bueno",85,19,4,0
Zc1eJEmZgXShpHpYonTS,Ensalada de Brócoli Sureña,85,11,3,4
bYzDQeqyULsyCSLql9HS,Ensalada Vietnamita de Repollo y Cerdo,85,4,12,2
f62EQZcxJ9kZ6KOW8dD8,Sopa de Batata y Jengibre,85,19,2,0
gmHMAwtXkl0AZd91MIiC,Rollitos de Verano de Verduras Frescas,85,13,5,2
j9xqOi13ddBjFaqLqfMU,Huevos al Horno Dulces y Ahumados,85,4,7,4
0v2MNBW0Nm7p3WTBBfnV,Tazas de Dip de Verduras,90,10,5,4
0yUuBJcQ6eRdiUoY4jHo,Tazones Just Peachy,90,13,7,2
8e1tQaw4lwih3BNa55nJ,Camarones con Chile y Lima en Salsa de Poblano,90,2,12,3
9T9YPtxdK9nPbiLfNdI8,Lentejas Marroquíes con Tomates Guisados,90,16,6,0
AMfu7dEKp2gFffKp0hoZ,Berenjena con Ajo y Jengibre,90,6,2,7
Aj8HpwP4zCYQSnXt8DZS,Champiñones Salteados con Tomillo,90,6,3,7
CM8164ZYmtQcDRu22iYv,Verduras de Otoño al Horno en Bandeja,90,13,3,4
EuLgyszpHuCHt30Kredj,Coliflor Cremosa con Queso,90,12,6,2
HKNGxXTYtcMvipx6dNhb,RECETA EXTRA: Tazas de Frutas al Limón,90,15,1,2
LTFOqJSO4Y4SkZYY6w03,Quesadillas de Piña y Chile,90,9,7,5
Qj09UKEWAT4eXsfnIv48,"Ensalada de Espinaca, Aguacate y Frutas del Bosque de Verano",90,9,2,6
RPS03xnlB8uUbW1MRtnU,Bok Choy al Ajo Fácil,90,9,4,5
SqhFzdhhzupBziX0GaRr,Papas Fritas de Batata Especiadas,90,16,2,2
VemLJfO7uuTp1pN1PDEX,Manzanas con Canela Salteadas,90,18,0,2
dcSCLKyJpQST0R6XpWkY,Manzanas de Canela Veganas,90,20,0,2
i2BN5iZ62Kmo6mZ5ukQA,Judías Verdes del Medio Oriente Fáciles,90,11,3,5
j2f2MFQesbP1kZRI7gIx,Frutas del Bosque y Crema,90,19,2,1
jSUyQw23rQjAMl1eO7oY,Tartitas Mini de Pera y Queso de Cabra,90,11,3,4
kCogBNhfhrttefzpPm6V,Pilaf de Arroz Salvaje y Cereza,90,15,3,2
lAg2iFIlKX2McXyyua4C,Wraps de Salmón y Rúcula,90,10,9,3
lgLCLhF1YvzGsOF7iPSC,Ensalada de Brócoli Rápida,90,10,4,4
mBXP38WxdQy2ZOuFmp3M,Huevos Endiablados con Hummus,90,10,7,2
nKrGcVFzIldQ2j67dRLe,Almejas a la Parrilla con Ajo (Mantequilla) y Lima,90,3,7,6
nU6TlizS5EFtjGtgkFmU,Duraznos a la Parrilla con Compota de Arándanos Frescos,90,19,1,1
nu7lXSP31OEqjZCTsfUu,Ensalada de Tomates Herencia de Temporada,90,10,2,5
r4td3JiFy7Q6ha0HHHU1,Coles de Bruselas Ralladas al Estilo Hawaiano,90,14,3,3
yWzf9l0cotY1PRjVXqRx,Bistecs de Repollo Asados,90,9,2,5
E8OzB8UYP4r4m8klPirl,Tabbouleh de Garbanzo,95,12,3,4
JAo8qihmXGY9evKwrJgg,Calabaza Espagueti con Piñones y Salvia,95,9,2,6
OmV3HvC0mXnYEVE6Sg98,Sopa de Cosecha del Jardín,95,13,3,3
wEfmSWD9pvkc3ZkWf9sn,Calabaza Espagueti con Salsa Marinara Ligera,95,12,2,5
ycrrlUlQYgCoKat0RnEM,Coles de Bruselas Guisadas con Pancetta,95,6,4,6
12thgTyUWtsghfOneczJ,Frittata de Espárragos,100,4,12,4
2ZhKbpO5Ilg2xAynA6v6,Pizza de Rúcula y Prosciutto con Masa de Calabacín,100,6,7,6
3ldZ51mfnsxBm9DkupVy,Mini Pasteles de Cangrejo al Horno,100,14,8,1
7GY7wPcWjx9lIucKUcck,Enfriadores de Melón,100,24,2,0
7o6RalNTDUinI0p7NcUS,Batido de Aguacate Marroquí,100,11,1,6
7vIwnNyIqsNgpdiY6Q47,Mini Muffins de Banana y Chispas de Chocolate,100,19,4,2
8mTxIHOtmlPBSKORS8QR,Pasteles de Salchicha de Desayuno Saludables,100,1,12,4
9s0xkK6vszEiL17Yod1Y,Manzanas Rellenas de Canela al Horno,100,15,1,5
DSpLVmrDKhq3GkxTDoP5,Batido de Frutas y Almendra,100,15,5,2
IEAcqWK7Cp7hKjuirUD9,Puré de Patatas y Coliflor a Medio Cocer Fácil,100,14,2,4
IN260gL5LlS0yyg8F2M1,Puré de Patatas Rojas,100,19,3,1
MRmhlAEvQbfOscp7wcns,Pimientos Asados Simples,100,10,2,7
S3UuYQadYcuZF4zg6eAT,Sándwich Abierto de Batata,100,14,6,2
SI0f7YYxh9cePEHX46iT,Nachos de Batata en Freidora de Aire,100,17,4,2
TeMeIGvxdjnf95K48svG,Pizza de Verduras Asadas sobre Corteza de Phyllo,100,15,6,2
W8meTI8f1C79uw2m5XMG,Panqueques de Banana Doble,100,23,3,0
fb5cRWT7WXSt4m75978i,Ensalada de Guisantes Dulces y Soba,100,15,3,3
ivyODIYuU4VqJnvgz80y,Ensalada de Frutas con Yogur de Miel,100,20,5,0
jbBXrdEKvYWHlX8Su3oA,Ensalada de Batata,100,15,2,3
kKfWPXQ4SfQEQiZ62hPy,Ensalada de Brócoli y Espinacas con Arándanos y Aderezo de Suero de Leche,100,8,6,6
l3qUZWNz6nTO6mHJr74Z,Verduras Collard con Calabaza Amarilla,100,5,3,8
nobMT1so2GhVWlmdP7Bf,Cupcakes de Lasaña,100,14,7,3
p7NuLHRhjrGLuQGT1TE8,Peras Asadas con Canela,100,19,1,3
pwS3fEar7n2RmDDcFGID,Hummus de Pesto con Limón,100,14,5,3
ucTgFiV6o9OYwANIoiJq,Ensalada de Huevo sin Mayonesa,100,3,13,2
v9yej8MxF1vi8ViuYOsB,Parfait de Pudin de Calabaza con Galletas de Jengibre,100,16,6,1
vpsU8CDyFbZ9zCvMKV9N,Coles de Bruselas Asadas con Tocino,100,7,4,7
wTLcHCFbC0VcVYf5Nhxz,Ensalada de Pimiento Asado,100,12,2,6
xvShFOpwr2YSSQtlP8sI,Ensalada de Kale y Manzana,100,13,5,4
ydzXdYyzRBv0CcBUkZE8,Bombas de Panqueque Rellenas de Frutas,100,10,5,5
ykglNJWIniWdelV0vHmc,Parfait de Pudín de Calabaza con Galletas de Jengibre,100,16,0,1
1Sv5hStQRy83dD0VD7NN,Brochetas de Vieira,105,10,13,1
8DQbwVK2020mz3jCyfxI,Fu Yung de Huevo y Verduras,105,12,8,2
BBW8FxOdpVjwEoJOceqd,Ensalada de Verduras Mixtas y Arándanos,105,11,1,7
NmIJHY8req7ZK9aUKn2g,Ensalada de Espinaca y Naranja,105,13,4,5
U34w74aTgQOAVD66nSrh,Plato de Verduras Festivo con Hummus – Receta Rápida,105,11,4,5
WKVOhkahKIJL0aA6z5DI,Ensalada de Remolacha y Rúcula con Feta,105,8,4,7
WrUs1yc733l0b9xaYT7K,Calabaza de Invierno con Cobertura de Avena y Nuez,105,18,2,3
X8G0cWm2nsxLCPtZX526,"Ensalada de Maíz, Tomate, Guisantes y Eneldo",105,10,2,7
aekSAKLpBNkciHKKAtlH,Ensalada Turca de Zanahoria,105,15,2,5
cDhUVmWCd04UZTSujVM4,Portabellas a la Parrilla con Tomate y Hierbas Toscana,105,5,2,9
ra7kdpMnBVD8sxNtaPH7,Wrap de Ensalada de Atún Mediterránea Crujiente,105,5,14,3
05sFoFRRrgAL6m9QxM2l,Poblanos Rellenos de Verduras de Ingrid Hoffmann,110,13,5,6
8YogVTh9SRdY26R0rdBp,Zanahorias Arcoíris Asadas,110,13,1,7
ABVP8ZkAl2tzhI3XbdvH,Ensalada de Frijoles Negros,110,10,3,7
Bovhpk5SrAAhp74DPpOK,Brownies Altos en Fibra y Sin Gluten,110,12,3,6
Ch6AuLdetfcBXF58KJPE,Hummus de Calabaza,110,13,4,5
JcXRHORxbj8WW09LJezr,Brochetas de Aperitivo de Pavo y Mozzarella,110,4,9,7
KrftDXZ4Sr9gqduH6UaM,"Ensalada de Naranja, Espárragos y Aguacate",110,9,2,8
Oliul6xh7ZDjBAs0Kmyc,Granola Casera Endulzada con Frutas,110,14,4,5
QS29lAPVIu837n7Mc6Wl,Tazas de Desayuno para Amantes de la Carne,110,9,8,5
R2ttX8sqkKIxRzXTKrvJ,Mix de Camino con Curry de Coco,110,5,4,9
RqD3g5armOUA5ye7dQ1E,"Ensalada de Hinojo, Rábano y Naranja",110,16,2,5
SVDbPnspFFQC9NGJhVhY,Patatas Rojas y Judías Verdes Rústicas,110,16,3,5
XvGlKnjg9CJLBj5MrZiZ,Cazuela de Salchicha de Pavo y Huevo,110,8,13,2
aR0HZHvp7XWN2exaOSXT,Ensalada de Atún con Garbanzos,110,8,12,3
bZIgWJGzyE3mcqPeAZHX,Alcachofas Baby con Aderezo de Hierbas,110,12,3,7
cGZUPm21rb6kSF4HYDLX,Sopa de Pollo y Verduras,110,3,16,3
e9732lMpzNg4Pb7rITRD,Frittata de Cebolla Dulce con Jamón,110,6,17,2
f4nWtPPbCiHB8x0VRQgX,Sopa de Tomate y Albahaca Italiana,110,22,4,2
iV9aW8Ld9xpzgkRq51kZ,Ensalada de Frijoles Negros y Maíz,110,16,4,4
ik1596fG0KqQhAQBAu2o,"Bolas de Dátiles, Almendra y Sésamo",110,12,3,7
j7TMTmRGDTKQ0knj49NR,Rollitos de Primavera Thai en Freidora de Aire con Salsa de Chile Dulce,110,23,4,0
lcFNuVwslFcIUhNtDe7e,Guacamole Brasileño,110,5,1,10
mBCqabYxtkvMHZvo4kMS,Albóndigas para Niños,110,8,10,4
s2mWW1RVnsl0nAdPyq7O,Pizzas de Muffin Inglés con Espinaca y Jamón,110,17,9,3
u3LtolYwu2x1UNQSl2i9,Cazuela Saludable de Judías Verdes Casera,110,11,4,6
yg8aOepGnYge16swzQ0p,Ensalada Asiática Crujiente,110,10,4,7
8iXKoUOkCHkMFCukf3Vg,Ensalada Griega de Quinoa,115,14,5,5
BvqisoYurNtQDVj0YfWc,Masa para Pizza,115,21,4,1
LLOm8j1KDx0WAtmc2FnL,Sopa de Verduras Favorita,115,20,7,1
QmiFBRAB5ZWKoIetae0q,Cous Cous de Albaricoque y Piñones,115,22,4,2
TRMfgUdhvvxmN980EeBp,Judías Verdes con Cebolla Roja,115,11,3,8
Ynvcdh0LLQtZq4eWdW0T,Cheesecake de Fresa y Limón,115,17,11,0
c72XfCROxrnAy537UiH5,Ensalada Cremosa de Pollo y Manzana,115,6,12,5
o7Si6C4FcGmMspTkYqgU,Sopa Cremosa de Frijoles Blancos con Albahaca y Aceite de Oliva,115,18,5,2
08txtNEQcBRb7tWYdHnW,Salsa de Pera Asada,120,20,1,6
28e8xikJaYNQwG1TwmCI,"Dip de Frijoles Blancos, Limón y Feta con Hierbas",120,9,4,8
5x2765xHebYJLpqJDg3H,Ensalada de Invierno con Vinagreta de Champagne y Granada,120,6,2,11
6lyYcrvcDNtYM9JEObkI,Espárragos con Panko y Hierbas,120,15,5,5
BV9TKGs2Ye6kQpXz5D59,Pudín de Semillas de Chía con Limón y Frambuesa,120,18,3,5
CO1kYqGa1ALdFltkXMIQ,Ensalada Griega de Acompañamiento con Vinagreta de Vino Tinto,120,7,1,11
FZSrnNvhiI1gkJ5wEvJ1,Guiso de Frijoles Rojos,120,19,6,2
Hi2iOsPFFQe38eds0AtT,Garbanzos Asados y Especiados,120,15,4,6
JL1ltktDXjAJCmsPFqM9,Aceite de Hierbas Diario,120,0,0,14
N4YuQb4YUsm2zyMs0qoS,Frijoles Blancos Ahumados y Espinacas,120,19,6,2
SUjFfNwKZMN9tT8sev6l,Cazuela de Huevo y Verduras,120,7,10,6
WPRjCBGkvVIJaHo4Al41,Ensalada de Invierno de Acción de Gracias con Vinagreta de Champagne,120,6,2,11
bEMPv8SXodaeJzkwqHO4,Wrap de Desayuno con Verduras,120,8,9,6
bbxiNJXGH2pG5rp5qJQV,Quiche de Bacon con Corteza de Papa,120,10,10,4
bot97TWHUcXvRmWQnDkB,Kabobs de Pollo Hawaiano a la Parrilla,120,8,15,3
fSGOxKi6tGljluo91OK6,Sopa de Repollo Sustanciosa Económica,120,15,10,2
jquiYIfsIRkQgg7qzljh,Peras Escalfadas con Salsa de Granada,120,22,2,3
lLkqN36Cth1xJI7cYZnA,Crostini de Ricotta y Mermelada de Mora,120,18,5,3
nyBTDbWy9ghX5vFb9fBS,Dip Dulce de Mantequilla de Cacahuate,120,22,3,1
tbefO0qKAB5cALp73NBI,Ensalada de Tomate con Ajo,120,8,3,9
wGSbJqp7yiIycqOgepcS,Batido de Superalimentos,120,26,2,2
I9JpixsYSLIoO4QDayl4,Salteado de Tofu,125,11,9,6
IXdmOgxwUZAvLQYx15yz,Sopa Rápida de Hierbas y Tomate,125,16,4,6
OXNKtdop0deLKlU0uZD2,Helado de Chocolate sin Lácteos,125,19,2,7
RzSCKf4wStuI5xlLxeir,Camarones con Limón a la Parrilla y Especias,125,3,20,4
qOU0qGyJr8OD9iRxiXva,Sopa de Aguacate de Verano,125,9,4,9
3ZkrhulX7sksrpUkrXc2,Omelets del Mercado de Agricultores,130,6,12,6
3dnYUBdW4m45sg3JwNYl,Camarones con Pesto Cremoso de Rúcula,130,3,17,6
6N01ymXHGWEywzqKUKqe,Ensalada de Atún y Aguacate,130,4,18,5
6aUW2iuTTorXYSOOZ2vR,Camarones al Limón (Gamberi Al Limone),130,1,18,3
7wQo6W84CpfgJOPdUsIG,Tartas de Yogur con Higo y Nuez,130,14,4,7
8J6ZfK3tcZrYmiG6xDFS,Peras con Toffee de Almendra en Instant Pot,130,22,2,5
8v7PZHbPS9PzC4lZYQc9,Pollo Asado con Cilantro y Lima Económico,130,4,18,4
DXCUnjNZTjx1pZ4QO2A3,Elote a la Parrilla con Chile y Lima,130,20,7,4
FMU8VONUPZO9H2rKRxnQ,Sopa de Pollo y Arroz Salvaje,130,15,14,2
FWG7lI4McL20z7vZSicq,Mousse de Chocolate con Yogur Griego,130,17,9,4
FeEQ9bpg7go55irvwfmz,Tacos de Bistec de Falda en Olla de Cocción Lenta,130,13,11,4
Ld61a8Knj8UvxT92mVgi,Frittata de Verduras de Verano Económica,130,9,11,6
McKM3Yb8JiQb5CuLQAgy,Panqueques de Avena y Pacanas,130,13,5,7
SO1DwKMpMvW3PTwn19fJ,Sopa de Calabaza y Kale,130,24,4,3
SXD91Cg2iBfzXJQGWTT9,Ziti al Horno con Verduras,130,19,9,3
Z14abJetcSMH75kIvQJr,Pizza de Calabacín,130,10,10,6
aq70559L3WJvoRg6dGsI,Espinacas Salteadas en Ajo y Aceite,130,11,8,8
b1XlX583JkthVHjFJr8r,Ensalada de Brócoli y Manzana,130,12,4,9
b8iDzQoarxREdCh8U7qR,"Sopa de Pollo, Champiñones y Cebada",130,12,15,3
c99ZlNKZzW1KMe83vDDD,Parathas de Espinaca y Trigo Integral,130,25,3,2
dGYDA2LPtgMs4Fz7xcUz,Elote con Chile y Lima,130,23,4,4
dsVqHYRaeFF3UWli4MQM,Palomitas de Maíz BBQ,130,18,3,6
gYbJn6P8Z2A2qNxUnDrL,Ensalada de Pollo con Frutas,130,16,13,1
iHomusLy3h3fZDyr0Saj,Camarones con Cilantro y Lima,130,1,24,3
oTRhtsz0BgISsVeLjmxF,Sopa Cremosa de Cangrejo de Eastern Shore de Maryland,130,7,12,6
pLHCLqHMBl6cpeMmLt8R,Ensalada de Maíz Fresco con Tomates y Albahaca,130,15,3,8
pWQ7K9abgZNCAq3I7B1B,"Ensalada de Coles de Bruselas con Aguacate, Alcachofas y Aderezo Cremoso de Miel y Mostaza",130,16,5,7
sCgmvBjHijyEam5ayAxA,Pasteles de Pescado Salteados,130,8,16,4
uPHIQM6lmrDORpZ6BWAM,Tazas de Huevo y Tomate al Horno,130,7,10,7
xtKEAJQfPzFSC8VpnLS2,Ensalada de Verduras de Primavera con Vinagreta de Tomate,130,9,3,9
zULMqE9UAg2PW83OwYAa,Hamburguesa de Proteína en Lata,130,8,11,7
E72CuwMgOkKqVV77Jui2,Ensalada de Kale Asiática,135,11,4,9
GuWoxIXw03nNUlCmbQRw,Soufflé de Huevo,135,6,20,3
08zODncmnAXDn4C9Ad8m,Muffins de Proteína con Arándanos y 5 Ingredientes,140,14,5,7
0loS9vW6KioAsACpjNZp,Pan de Banana sin Gluten,140,25,4,3
2VMyJvkZ3Hkk6u87NfqA,Sopa Básica de Frijoles Toscana,140,22,7,3
3dPFdaNzgJOp3mvCDdtW,Quiche Mediterránea sin Corteza,140,7,8,8
5FGVJMrBFFbn8VwpMi9o,Hamburguesa Básica de Frijoles,140,24,7,1
7GN2XkLWOXVqLTMRocK7,Arroz Integral Simple con Cebolletas,140,25,3,3
A6sxBDk340QsHrnzVHU0,Ensalada de Pasta Colorida,140,19,3,6
AM9FUDnDlhy4LCK6UV5H,Pavo Asado con Especia de Naranja,140,0,25,4
DULM4Lp07iraohjRqpfv,Macarrones y Queso de Coliflor con Langosta,140,14,13,4
E3FGaeZ7M99TSS5hEHv3,Desayuno Grande en Sartén,140,7,12,8
FXT9weKEfY4bkcqWxaRa,Batido de Durazno y Crema,140,19,9,5
GPSmRkE5GIkDjWgMBpw9,Ensalada de Manzana y Nuez,140,11,2,11
JIZBTsQB30oGSFhJlTHd,"Pudín Energético de Cacao y Menta, a Base de Plantas",140,28,5,2
K44wE5Qwel5QzhzETx6F,Pasta de Verduras de Verano Baja en Carbohidratos,140,15,11,5
LmPLXkdvzPe6EgCVZcl6,Batido de Frutas de Verano,140,22,5,5
MR9E5ZcfFw1q7WQXyLPW,Ensalada Griega de Frijoles,140,10,4,9
NiF4qeZ2yODmB7bia9RG,Tacos de Cerdo,140,13,17,6
OWEh20igTtIvH4Mk9Wx5,"Rebanadas de Manzana con Mantequilla de Cacahuate, Arándanos y Nuez",140,13,3,9
RQlpshj8S5YppHfB7amj,"Ensalada Verde con Naranja, Aguacate y Cebolla",140,14,2,9
TAi52uwbit8zxAdVQYcW,Frijoles Refritos Saludables de Ingrid Hoffmann,140,19,6,4
U0t6zvqGLXPr3GNQ8nPt,Camarones a la Parrilla con Cítricos y Verduras de Primavera,140,13,8,7
W4MoyN7TGXMNFqDC6HZK,Helado de Mantequilla de Cacahuate con Remolino y Rociado de Chocolate,140,21,3,6
XKqgkkGvSd3McEbCONN8,Calabaza Espagueti Doble Al Horno,140,16,11,4
YPnW9EFHAXKBDcMdHVFh,Ensalada de Coles del Suroeste,140,10,2,11
bt93g0AeHdjeGpUaFhV9,Lomo de Cerdo Asado al Estilo Vindaloo,140,4,23,3
gkvJ40ag245lwAtLEUnz,Sopa Fría de Pepino Persa con Cebollín,140,14,13,4
rJA2uIIFywi3iEKZvgzP,Ensalada Picada con Aderezo de Cilantro y Lima,140,11,4,9
tnqIqCICYBKWnWM8KQiU,Sopa de Frijoles Toscana,140,22,7,3
xzAcD3z9A8fe6GGG51Wd,Sopa de Kale con Pavo y Frijoles,140,14,13,4
xiNm2rs0raV8RuAJG5bi,Parfait Energético de Buenos Días,142,30,6,1
BXDSgVGyR1DwjyHCEGI7,Pollo con Mango a la Parrilla,145,2,24,3
GbnkQ7HwDERsTnvA4uLr,Joes de Pollo,145,17,10,4
J9ust30ukOnK7ILwC50s,Ensalada de Verduras de Cosecha Abundante,145,14,3,9
SPhjiRd3BSwFFO6Rntal,Hamburguesas de Avena Feelin’ Your Oats,145,23,5,3
hrxmKzOhw1r4IameCbxT,Pechuga de Pavo Especiada con Chutney de Manzana,145,6,27,0
mh73yMIbksvxLKmFWa0M,Mojito Sweeties Mash,145,27,2,4
5wdNYa93AgO9LALWMeo8,Rollitos de Lechuga con Salsa de Frijoles Negros y Mango,150,27,6,3
8cmvUGbFXLypaneHVIet,Curry de Verduras Indio,150,26,4,5
Fb7FjYr5IsNxGY00OR2q,Muffins de Pastel de Carne con Cobertura de Batata,150,15,11,5
GAia19d719rTeRYuPlb0,Chalotas y Coles de Bruselas Asadas con Chile,150,23,5,6
JAmcYM09LljBPWbY7z0U,Tacos de Camarón Tex-Mex,150,15,9,7
JnEZRSZFTsrsFLL82nLE,Estofado de Tilapia con Pimientos Verdes,150,10,24,2
OZzIRFLEit57yWKwA6lz,Sopa de Lentejas Mediterránea,150,18,12,3
PweGsfKeoJi4Q1XfCUDF,"Bruschetta de Ricotta, Berenjena a la Parrilla y Menta Fresca (Bruschetta Calabrese)",150,11,5,10
QejKekZi8X4GMVICEtbT,Quiche sin Corteza de Espárragos y Tomate,150,10,15,5
TCzw2AIJBNGpxJOJCH6l,Pollo Barbacoa al Horno,150,9,19,4
TFufahoBjpHfvWSAAxOc,Congee de Arroz Integral con Hierbas Salteadas,150,27,3,3
VhXbrwFswkKTQSX0w0e5,Guiso de Dos Frijoles,150,24,7,3
ZJlxYOz8JOb0ZTLHdBPL,Alcachofas con Ajo y Aceite (Carciofi All’Aglio E Olio),150,14,4,10
fCEaxvK8cMN8HU6ApBcC,Ensalada de Manzana y Queso Gorgonzola,150,14,2,10
ghyfZwv20K1gEG4mVrTk,Wraps de Pollo y Alcachofa Bajos en Carbohidratos,150,8,18,4
k2Ew6lOhmlb8Ns1RKibI,Tiramisú Fácil Bajo en Carbohidratos,150,6,10,8
krzQKC8Xs1OLPcwXFiBJ,Salsa de Durazno y Frijoles Negros con Chips,150,22,4,6
l3RGoDlOPbGgABHxA4CN,Ceviche de Atún,150,16,13,4
llwv8BNOyUPtxDI5aMTh,Hamburguesas de Salmón Económicas,150,4,19,7
oZebvEallf3V8DaACylF,"Batatas Asadas con Salsa de Yogur, Limón y Eneldo",150,26,5,3
p5WSB8w2gaQ7CNgZ8fQy,Tarta Provencal de Verduras,150,25,4,4
qzW3Nh47zgFZ8rMJnfYN,Ensalada de Garbanzo y Rúcula,150,22,7,4
rIcg1eUeIVMSDtLWf1Mk,Tacos de Pescado,150,14,18,2
sKvKusAimaOBxwNcIl5F,Pollo Desmenuzado con Cilantro y Lima,150,5,25,3
tYRZ55CAdFSrhjo6SGS2,Camarones Simplemente Especiados,150,1,25,4
uGyoizmuGObeBmscmumQ,Tazas de Huevo Crujientes en Freidora de Aire,150,6,12,8
uW0NFIiPdwHnXlC9jSRu,Estofado de Cerdo y Calabaza en Olla de Cocción Lenta,150,15,14,4
xd4MtZNqMhtc6v0EpGAk,Vieiras a la Parrilla con Salsa Verde Gruesa,150,12,16,4
YOezjuh87Sg8vHSt6WWJ,Verduras de Verano a la Parrilla con Aderezo de Hierbas,153,8,1,13
4vMbcgSfMPCSNuc4NIXS,Frijoles y Verduras en Sartén en Tres Minutos,155,21,8,6
Np1qsmsEyMeO7ZwAVbuH,"Ensalada de Mozzarella, Tomate y Garbanzo",155,16,10,7
doDtysViUU7aPgnugezK,Tacos de Maíz y Calabacín,155,27,5,4
lGiDte3tpIWAcZRYJ3sX,Muffins de Banana y Chocolate sin Gluten,155,25,3,6
p0ZG9RV0PnOkZLIE1oM1,Receta Rápida de Ensalada de Garbanzo,155,19,5,7
plNJktwaM4EZBsjFzsJ8,Sopa de Puré de Papas con Ajo,155,24,7,4
sADZRPIu3Pkib4LIvtqh,Estofado Picante de Lentejas,155,18,13,4
3sEYzETn8EQfWc7JpuFM,Quesadilla de Desayuno,160,8,14,10
4hgaPLkHhotV0ywjVDRk,Congrí Ligero (Frijoles Negros y Arroz Cubano),160,29,7,2
AG8A3RdB8EkmuYee2818,Pechuga de Pavo Asada con Hierbas al Estilo Provenzal,160,0,27,4
BwFX6FgtH5aXzeNJKiuK,Cazuela de Huevo Mexicana en Sartén,160,9,13,9
DUX8uTulQPY2Ie7G7vh9,Pescado a la Parrilla con Mantequilla y Limón sobre Espárragos a la Parrilla,160,6,23,6
I6r9kwFVKpltsRK1Q6jL,Ensalada de Brócoli y Naranja Mandarina,160,11,2,13
IlanZvqc1vLQnCENc3Af,Aguacate Relleno de 4 Capas,160,12,5,12
JyZbPtNxuFPN1HOBdT8I,Guiso de Calabaza con Garbanzos,160,28,6,3
L7dkVlox8AgPT1Lg5tMy,Hamburguesa Ateniense a la Parrilla,160,1,24,6
LkR49580EYsHY3f8XOZ4,Bacalao con Estragón y Mostaza,160,1,21,8
LuREagJ1bYNv0YsQ6TyP,Tacos Dobles de Cerdo BBQ con Chipotle,160,15,15,7
OlMqioQA61Bik7L9z0Bb,Casamiento de Quinoa y Frijoles de Ingrid Hoffmann,160,26,7,3
P3ZIPtCoU4oJHIuEUkGD,Ensalada de Mango con Pollo,160,14,16,5
RSslfZRsmesXLEIPWDuE,Ensalada de Gazpacho para Barra de Ensaladas,160,25,7,4
S3IQqdWyekDmpwGdkgd1,Lomo de Cerdo con Ajo y Sésamo,160,1,23,6
SQFdG37rmqdgTK1EBHnS,Lubina a la Provenzal,160,7,22,4
V6sKF9QKJ3va8awNmAMs,Barcos de Huevo con Calabacín,160,8,15,8
XvPuT8ijrxnbI7zw0pQh,Pitas Económicas con Ensalada Griega y Camarones a la Parrilla,160,19,9,6
XyFUVamR8F8d1NPHkJYi,Granola de Otoño con Semillas de Calabaza,160,23,4,6
Y7rJDRtdxeK36hpza3ne,Chuletas de Cerdo con Corteza de Hierbas,160,1,24,6
ZbBf6sEKZ71W1HlIU5MG,Quinoa al Curry con Calabaza y Garbanzos,160,22,6,6
dxyDzgqUDE4URo89xrXc,Ensalada Panzanella Italiana Clásica,160,20,4,8
fzs0XAb3cqPNaEtL1pSi,Fajitas de Pollo con Lima a la Parrilla,160,22,18,4
gQ6VdUXFyeIiFsqD1xQz,Pizza de Pollo BBQ,160,23,11,3
gRQqpDvoftAr7M1PomJI,Sopa Mexicana de Albóndigas (Albondigas),160,7,20,5
iCB8RXEI2HxWUmIz0lSr,Pollo Frito al Suero de Leche en Freidora de Aire,160,7,24,3
mpQxzk9dBLoA5QKNmK4E,Nuggets de Pollo con Salsa para Mojar de Miel y Mostaza,160,11,9,9
o14hsF836nVHHVmFnGDW,"Ensalada de Frijoles Pinto, Arroz Integral y Espinaca",160,28,8,3
ovqzEl1bAT0qkwg2rtn5,Gumbo de Verduras,160,22,6,6
t3c50ASB7BCUi3jty78s,Shakshuka,160,10,9,10
tkj5wopKOdRzoM3QxmKI,Salsa Fresca de Frijoles Negros,160,22,4,6
vMBdwnpLsxJ8sUS4whCw,Pollo Desmenuzado BBQ en Olla de Cocción Lenta,160,9,16,6
vw5IBgOKRrWVZV54n7nf,Lomo de Cerdo Marinado en Mojo (Pernil),160,10,25,3
G5KwRYBtEqaz5vKRtqhh,Hamburguesas de Pollo Sensacionales,165,4,24,6
LAm0VKMbMj0u6UUCWl4H,Lomo de Cerdo a la Parrilla con Salsa de Durazno,165,12,23,3
NWAulAPbHADhW696br7U,"Spiedini Toscano con Hierbas Frescas, Limón y Semillas de Hinojo Ralladas",165,1,24,6
QzKGFrlH1IfxBHZkIUSg,Hot Pockets de Trigo Integral,165,26,9,4
TNBY8Ys77FuJhn0a7z6R,Sopa de Frijoles Blancos y Verduras con Farro,165,28,7,3
Xd2tXvi2PYFC8WioBbIq,Gremolata de Salmón y Espárragos,165,5,22,6
Z3dGEZjMtvzgQM5LVCDp,Pavo Asado con Hierbas,165,0,33,2
jcqa4libwRrZDaW8HXye,Guiso de Lentejas,165,26,9,3
qJA7V2rU687QXov7ywjH,Croquetas de Frijoles Negros con Cilantro y Lima,165,28,6,3
v6rWLb2AG0c3kuPqzQcP,Lomo de Cerdo Frotado con Hierbas,165,1,24,7
0DAC7gqEbU0Ccq8TSHV6,Ensalada de Bistec a la Parrilla,170,8,17,7
1RkPgvdcsf4D2a4CJr4r,"Ensalada de Manzana, Remolacha y Zanahoria con Vinagreta de Naranja Roja",170,15,2,12
4qCA7IeKxRmYpPfL1j5J,Bacalao Glaseado con Miso,170,8,24,4
5POPSulsr0acTRi7vGt4,Bistec de Lomo con Cebollas Cubiertas,170,9,18,6
6L5DgyR1rLYWeAEUEOke,Verduras para Ensalada con Pacanas Especiadas,170,11,3,13
78CQPSbMEj57rqiIwA2z,Hamburguesas de Pavo Asiáticas Económicas,170,3,20,9
CDyyJAh1UxC3Ol6gJeje,Pitas de Queso y Verduras,170,23,8,6
FXwAluLFWyQWc10iIxxI,Pasteles de Quinoa,170,28,10,2
GM0kgeoj2dvgNVO0EOiD,Saganaki de Camarones,170,6,19,8
JPRLmLt8x6hr2fcV3VAv,Ensalada de Lentejas,170,21,9,7
M3CGtjLiyP5rJOPguefP,"Verduras Mixtas con Arándanos, Tocino y Nueces",170,12,5,13
PA8SEm70DqytzkSkSyDf,Huevos Revueltos Suaves con Hierbas sobre Tostada,170,16,11,8
PDX6zyFMBVp3ZACFHQ1X,Salteado Económico de Col Rizada y Salchicha,170,17,14,6
SS1EfSUqzxKeFpcDVkRN,Pechugas de Pollo Asadas,170,3,24,6
SXGvI2jb0KpknsYsWG9w,Pollo a la Parrilla con Miel y Lima,170,5,26,5
SeQ0IFRb9dE2M4oNBkAv,Frittata de Jamón y Brócoli,170,14,15,6
SwzeMb7jkzVg4hMCmI5r,Pollo Marinado en Yogur Griego,170,1,29,4
Uvy1JH5UIq6RSoEmphSr,Relleno de Pan con Hierbas,170,27,5,4
Xdf8hDovfC4jHXHmdUu8,Napoleón de Verduras a la Parrilla,170,19,11,7
ZQvyUDJXHGAXfaPMTpOC,Crepes de Chía y Frutas del Bosque en Instant Pot,170,28,8,3
ce1Lu2DPSHByZrfCeC1t,Pizzas de Desayuno de Trigo Integral,170,20,14,4
dGZRLseNR8Et23qRULbo,Pollo Cacciatore en Olla de Cocción Lenta,170,18,16,5
iQ2mI9s01NXnAGepouXp,"Ensalada de Quinoa, Rúcula y Albaricoque",170,21,5,8
iZ53QZ91VYVCjt2ZPJD8,Jambalaya de Camarones,170,15,20,4
ltftc2MqGzGFUKpr4oQW,Quiche de Desayuno del Suroeste,170,10,16,7
maY9gNr5OVOJieq5GByz,Pastel de Taza de Chocolate sin Gluten,170,23,5,9
ohgGulF2iYeMrjgAAAUW,Sopa Mexicana de Frijoles Negros,170,15,20,3
qdYqzAfDBTn3dYzGB9hW,Pastel de Proteína de Caramelo,170,16,6,10
rkmdVhQxaGCxWHEGtHsU,Bisque de Calabaza con Jengibre,170,23,3,4
rnaEevsIeBA5HdUy1jbt,Ensalada de Rúcula con Naranjas Mandarina,170,14,5,12
tF0Wvl7sCOrX6LkzDB0k,Hinojo y Frijoles Blancos Guisados,170,26,8,4
tePfs15UJujziD50JPbH,Zuppa Toscana con Coliflor y Kale,170,6,18,9
tiJsuz7JTNkXCiGcwZN0,Calabaza Espagueti Pad Thai,170,19,16,4
ubStRVfbJoSjw3ytccZx,Pollo Teriyaki al Horno,170,3,30,3
7iu5SeOadA4mgwDTt3rc,Tiras de Pollo con Yogur de Limón y Especias,175,5,30,3
FY9UcyBGbSylxhALamxy,Trucha al Horno o a la Parrilla,175,0,23,9
Tga2wXhpQNjywNa3rzdj,Lomos de Cerdo Picantes con Chile y Vinagre Negro,175,2,29,5
YAxljNXetjqwiUfW9Qa4,Ensalada Cremosa de Pollo Teriyaki en Tazas de Lechuga,175,9,19,7
aAeGQ5kTBLseZroQooKm,Pescado en Sartén con Tomates Españoles,175,5,23,7
ee31zxoPuQOEyYoQQeui,Congee de Avena,175,19,10,6
4BCgKq47V449Ee31bQ7N,Chili de Verduras,179,33,9,3
07hqNaI8OzH25WLONLv1,Salteado Simple de Pollo,180,9,18,8
09MdEIvsfTimtbdMlkPU,"Cerdo a la Parrilla con Salsa de Tomate, Alcachofa y Kale",180,8,19,8
0b1mrZwtYKFbPYDC5glX,Paquete de Atún Teriyaki a la Parrilla,180,12,30,1
3OfK1dNbVALSzIE80qSV,Bocaditos de Phyllo Dulce y Ácido con Frambuesa,180,30,3,6
3xHpp66lkPl4grkS6Ev2,Salteado Maestro de Pollo,180,10,21,5
5lgS1wZDmEiIl0XCN59l,Pizza de Verduras a la Parrilla,180,31,9,4
ArR3LzGCdhbftYDyEQ38,Zuppa di Ceci (Sopa de Garbanzo),180,28,8,5
GFakRt8xacPr67dChJS5,Salteado de Calabacín y Pimiento Rojo al Horno en Bandeja,180,10,12,11
GfgDjWInk2moNgN1KepU,Caldo Verde (Sopa Verde),180,15,12,9
I3KUVMZq0GhcBHRDFeeB,Albóndigas de Espinaca y Pavo,180,8,19,7
ITE9ompmxjvnafGb1NRj,Tazón de Desayuno con Puré de Batata,180,24,9,6
J96m0hneQqdUWWAtxiSO,Hash de Batata y Kale,180,24,7,7
KHad38jVxYJUrQVn5Fol,Tostadas de Rábano con Queso de Cabra y Cebollín,180,19,11,7
KrYjwl4dcgapLvmckQaH,Crema de Maíz y Pollo con Jalapeño,180,21,18,3
L9fqBAPc4dds3y9q37IL,Alfredo de Aguacate con Tallarines de Calabacín,180,11,4,15
LgUj9x8dLGa5nNCEIo0R,Lasaña de Espinacas en Crockpot,180,22,10,6
LmBKBAiXTukYyDoQdkZ5,Filetes de Pescado con Romero Fresco,180,0,24,9
MZoeRo9pFYiuTN9A07ti,Camarones al Coco en Freidora de Aire,180,9,28,4
RH9ea8sslMn57nx1kzdC,Hamburguesas de Verduras Económicas con Ensalada de Mango,180,32,7,3
RQn2Hll28M04aLG7CVV5,Guiso de Verduras Económico con Albóndigas de Trigo Integral,180,31,9,3
UGkL65aUD9oUJf5pZxx4,Tilapia al Limón y Espárragos a la Parrilla,180,9,26,6
bvNdAOZiFWSLOObMO1sn,Salchicha de Pollo a la Parrilla con Calabacín y Pimientos,180,9,17,8
cRke417wPGNbvaLqZoJZ,Quinoa Roja y Farro,180,28,5,5
e1D5H1OW49p6XYubJaxd,Calabaza Espagueti Asiática en Instant Pot,180,21,10,8
e65bhlPiD5V7NnyAtc8D,Vieiras Selladas en Sartén con Cintas de Verduras,180,12,15,7
f6Q1RTpCxzbfsjxqh2I5,Mini Frittata de Verduras,180,8,7,14
fTKrAz6nQb9ZVxA3Ecfi,Ratatouille en Slow-Cooker con Frijoles Blancos,180,30,10,3
fnad3kl5G2wytraOxeH9,Salsa de Fresa y Jalapeño sobre Pollo a la Parrilla,180,8,25,5
gHbhalJ8mgJhEB47eZxm,Muslos de Pollo Asados con Especias y Limones,180,3,19,10
h0ggcHkGf6enBd0Rcjbv,Quinoa con Pimiento Rojo,180,21,6,8
hX3NbG4RQlQ3PwDa3t80,Sirloin a la Parrilla con Tapenade de Aceitunas,180,2,26,7
isxKWbKsjbVriw4AQ0gx,Strata de Verduras Asadas,180,26,11,4
jKe9p7Uu3fC6mhE4Q7PB,Ensalada de Quinoa y Repollo Tostados,180,27,9,4
kpqhAEoEldBFA84QFkql,Ensalada de Cosecha,180,5,3,17
m7yhfLYvU4s6BXwWWEK9,Bulgogi (Carne de Res Coreana a la Parrilla),180,13,17,4
sYt4H1sHlQSr8qZ4Qhzb,Sopa de Fideos de Pollo con Jengibre al Estilo Ramen,180,23,19,1
tEGyRLzr8N0FP7vXIPqB,"Sopa de Salchicha, Frijoles y Quinoa",180,24,9,5
uO6oaeZf3F9zuOCbKioM,Pollo Sellado con Salsa de Fresa,180,8,25,5
y3wHBQ7ljD0DLKTM5lun,Lomo de Cerdo Relleno de Verduras al Estilo Italiano – Receta Foodie,180,7,23,7
zEGfzEvrGcVr9iZckvFE,Quinoa con Espinaca y Piñones,180,22,7,8
5BEa9NevU7UP6MuR03A4,Roast de Eye of Round con Ajo y Cebollas,185,5,27,6
HiXKWZsSWBNbLMLPUMBJ,Muffins de Calabacín Altos en Fibra,185,28,5,6
hPSR2kQS1SghFS9cSQDI,Quesadillas de Cerdo y Queso a la Parrilla,185,16,18,6
lgOm2YyBbEx0ryzxwHPR,Pan Plano de Espelta Mediterráneo,185,26,8,6
9jigvUAmOIKzPX8onzKQ,Roll-Ups Mediterráneos,187,29,7,6
1cpDnzbgFUIrvSUgSpvv,"Batido de Banana, Mantequilla de Cacahuate y Chocolate con Leche",190,19,11,11
1sSK7FrHiClZj75LTUa8,Ensalada Saludable al Sol,190,17,7,12
3PdXwbpLZbWu9neB64oj,Tomates Cherry Asados con Romero y Ajo,190,14,4,14
3xnhojyoSQd66895k6R7,Lentejas Perfectamente Cocidas Fáciles,190,36,11,0
4ceqXd9mspqSUoY85i9c,Pavo Asado con Verduras en Bandeja,190,7,25,8
6kaqFzIepc4fdu2eFd4g,Frittata Rápida de Salchicha y Albahaca Fresca,190,6,21,8
C0ipjXUIzxryGvjO2kkc,Mix de Snack Energético,190,19,4,12
CqUbjPChexaRvRRlBEBb,Succotash de Tomate Uva,190,28,9,6
CwWW6tOx0QmccndNg8CD,Chuletas de Cordero a la Parrilla,190,1,22,10
EOOFnpMjbNKet1JAyeSS,Chuletas de Cerdo Picantes con Salsa de Mango Dulce,190,12,27,4
LopVt2NzwdmYpwDaYUAB,Crisp de Frutas del Bosque,190,24,3,11
QR2buomJRNH9mPmtmaFT,Tilapia Crujiente con Pacanas,190,7,24,8
XPdkTjohWI4CCc6QN0q0,Hoppin’ John de Cebada con Kielbasa de Pavo,190,25,12,5
Yej4lDS049vmFZuyWc4V,Tostadas de Camarón Ahumado con Ensalada de Mango y Chipotle,190,29,10,5
YosqnFCek52cnxcNhiIG,Lomo de Cerdo Asado con Hierbas y Mostaza,190,2,22,10
c5cdVUxOZicV6Ihp0Nlh,Bacalao de Cítricos Asado a Baja Temperatura,190,11,21,8
d7ggJ9tEoo4oc2mULYdD,Batatas Rellenas de Brócoli,190,28,6,7
fwgzHpipPbwUIEksh7QR,Ensalada de Pechuga de Pato Sellada,190,12,10,12
hfD7kqzXzILrrGXTHMCp,Sándwich Cubano de Ronaldo,190,16,20,6
jMUtru09fatXU9cPH1Nm,"Huevo al Horno con Aguacate, Tomate y Ensalada de Cítricos",190,11,8,8
lfR3AC9fQ73L9p2t0T4K,Parfait de Yogur con Arándanos y Limón,190,21,19,4
liOXBk09KQyhiG7ztcpX,Cerdo Glaseado con Albaricoque Picante con Batatas y Pimientos,190,17,23,3
mhDyyp4bgzRCqejQJgUc,Bistec a la Parrilla con Champiñones,190,2,23,10
mlfbDzJhtojncXPDRjJT,Pastel de Carne con Hierbas y Ajo Económico,190,9,20,7
uLW9xTLZuKcul0C3tP5s,Chili de Verduras del Jardín y Frijoles Blancos,190,29,10,4
11ZHT1rkXXetn52X8yIu,Nuevas Hormigas en un Tronco,195,16,6,14
Sz9mSbnk0ZXBhOqvcYqF,Wrap de Verduras a la Parrilla,195,29,12,10
dgLhkyfHTyuEj9aCKEZi,"Filete con Chalota, Calabacín y Tomate",195,10,26,4
fhLdofBNFznoJN9b2Tgz,Pollo Entero de Cocción Lenta,195,1,21,12
hkpG2144xtnrgKvLB2tu,"Ensalada Fresca de Maíz, Tomate y Aguacate con Camarones",195,12,17,10
tbQKWB1VD7tO7h134ENh,Hamburguesa de Pastel de Cangrejo,195,17,10,10
4q9ene5huycoZ6svxGeZ,Salteado de Pollo con Guisantes de Nieve y Pimiento,200,10,27,5
6o9Hqa9WkoRW9jtvGj6H,Dedos de Pollo para Niños,200,17,23,3
8mnSvlwCt9J2S29SzIro,Chimichanga Mini de Manzana,200,33,4,6
ARmjhnuTVYZIiDRC7IDR,Frittatas Individuales de Huevo y Verduras en Instant Pot,200,15,16,8
GgVbvOpcjAgMoRFEHBG6,Sopa Italiana de Pollo con Alcachofas en Instant Pot,200,23,17,6
GqvaIkcTh0miXVwzdYzG,Ensalada de Jamón y Edamame Picado,200,15,17,9
In1iUEfdmWe9yAEAixlF,Pastel de Taza de Chocolate y Nuez,200,22,6,12
J5BHmoFE3yPz7SB5Qurp,Ensalada Inspirada en Nicoise,200,7,14,13
PNU7rPxCAjubWgjzomMk,Ensalada de Pasta con Verduras y Pollo,200,24,15,5
QeVeXxd9FNzmPuwQQkil,Pollo con Corteza de Parmesano,200,10,28,4
TDyO2aj0WxIQfsijUc7b,Pozole de Cerdo con Chile Verde,200,20,21,4
U0YBOttExqBM3j9iV6Z1,Pollo Relleno de Espinaca y Champiñones,200,3,27,8
a0R8aS4R9aelkbvZxdlD,Burrito de Desayuno con Huevo y Jamón,200,15,16,8
bz1fXB9Slq2VF0AAYWPn,Tinga Poblana de Pollo de Ingrid Hoffmann,200,9,26,7
cQANnmGG42YBs69NGQdk,Salteado Indio de Salmón,200,8,19,10
gSRFfeQSmcz59rtd6He1,Guiso de Verduras Toscana,200,31,13,4
iit7U1KHSUwCF3aG0L6K,Strata Ligera y Esponjosa de Espinaca y Queso,200,12,15,10
jXWcrBadqmEpn3iD7TLk,Pollo a la Balsámico Dulce y Salado,200,7,24,8
jrQvevyd0Rp3kmAE2uEF,Saltado de Pollo Peruano,200,9,25,6
mZWg6yYCwP0c1xpglbfi,Tomates Rellenos de Ensalada de Atún y Fundidos,200,7,15,13
nGKHQVCdFgUK4RQdTpyJ,Pollo Glaseado con Albaricoque,200,11,24,5
nelNf0venW0vtGWFhS4A,Chimichangas de Carnitas al Horno de Ingrid Hoffmann,200,19,17,7
pCEN5Bm5D4pU0ZsggOV3,"Salteado de Camarones con Limón, Tomillo y Arroz de Coliflor",200,11,25,7
vd1lgFdulo90vwT1ogFn,Ensalada de Bistec de Pimienta con Lechuga Romana,200,15,21,8
vvuW3i3l6qCuDUoSKUc7,Kabobs de Albóndigas,200,7,22,8
yhf24g9nEMeyjnAfd65t,Pollo Frito al Horno al Estilo Latino,200,9,32,3
14GRrZat7xDP4V1CQVqw,Sancocho Costero,205,31,14,3
8z7mrlJPPTAB65b5NPM2,Roll-Ups de Pavo con Pesto,205,26,20,3
DfeDC3W9Kj8zE0QiydGB,Quiche sin Corteza de Espinaca y Champiñones,205,16,20,7
ROnwTInHJuVXLRXAXOmP,Gallina de Cornualles Asada con Romero,205,2,29,8
b29orHH9RzavAI3goYGg,Pollo Jerk Jamaicano,205,10,21,9
kGcqx6WHf19FmKfzgw0V,Pollo Dijon con Calabacín y Tomates,205,8,27,7
xBDxwuNGIIDg4wiHUJAa,Sopa de Queso Cheddar y Brócoli,205,20,17,8
2WKDOudOEWvWA35wSU2W,Pollo Guisado con Sidra,210,9,22,9
5AM1jUbmYSPmBHZ6JyIo,Kebabs de Carne y Cebolla Picantes,210,11,26,6
5foambBIFE68NSyIRUcb,Chuletas de Cerdo con Salsa de Durazno Económicas,210,10,22,9
6JLIHufmcqaBASnRXekK,Pavo Asado con Verduras,210,10,35,3
8KIt2vA2rvuq7gFbGjMT,Tostadas de Frijoles y Queso,210,31,13,4
9zbPDPkmk3ANfSGpzsMV,Pouch de Pescado Blanco al Horno de Temporada,210,6,25,10
B5z7YDXasj1dT4vy2ZbM,Ensalada de Pollo BBQ Económica,210,22,21,4
EswVIQfpfvfQ7ZEBtKE8,Pollo Moo Shu en Crock Pot,210,18,29,2
Jqr6Din7U9ZYv35c5KQ6,Pastel de Carne Clásico,210,17,21,7
LvHf98Or7c9uGxDRTEAQ,Salmón con Pimentón Ahumado,210,6,23,9
NHI1z8KTltfqZfjgLex9,Pollo al Horno con Parmesano,210,6,27,8
Rtd1AShEUonFtCt4ouMh,"Lomo de Cerdo con Corteza de Pacanas, Manzanas y Cebollas",210,6,23,10
TQdtZJYF2BECnbpdNQJe,Lasaña de Calabacín en Sartén,210,11,18,10
Tmb9jXqhcH50pl91FhGV,Frasco de Yogur y Granola Just Peachy,210,29,18,3
UwibDJze2UCRC94ovavl,Chili de Pollo Económico,210,30,19,2
WofMRQBL5j8SVJnxlDNE,Tofu al General Tso con Brócoli,210,17,13,11
XEC8dkprTjBeLASPDGSe,Pez Espada a la Ghiotta,210,8,24,9
Xn4GYg6r5DfuYnMVvOiU,Paella de Mariscos con Quinoa,210,23,21,4
cRk08KndNIRTbSyrcbnb,Ensalada Antipasto,210,9,19,11
ikyKQYLW3nFKXs2yDoV4,Hamburguesa de Quinoa y Frijoles Negros,210,34,11,4
j0BlkX0m42vSdmSxtPpC,Verduras al Curry Trinidadenses,210,35,8,6
swq9xqZbUfT2KSjLZow6,Estofado Asiático de Pollo y Verduras,210,11,29,5
wKKC1jH6V8SszzhNJnbQ,Croquetas de Salmón con Salsa de Yogur y Rábano Picante,210,15,22,7
x1xehNWcH82Uui21RaN5,Muslos de Pollo Estofados con Champiñones Económicos,210,6,22,11
PE4mRGiRraT9yB8aXWuQ,Bacalao con Costra de Pesto y Tomates Asados y Espárragos,214,10,19,11
GC8SuiUioMltlVMG4rVF,Paella de Verduras de Yaya,215,41,5,3
RLpmpDNN0q72OJ5dEY0b,Estofado de Pescado Mediterráneo Económico,215,19,20,5
cxAqQjtiIKvcuKXe0msO,Pollo con Mostaza de Piedra y Miel,215,5,32,6
hsBNwS791iasKxdlOvta,"Bacalao Asado con Tomates, Calabacín y Aceitunas",215,12,23,9
jP1wmX9e4JKVYIOM08hg,Pasta Fagioli,215,35,13,3
wkxDS0IQfxRVgP7a3wwk,Carne de Aguante y Verduras en Olla de Cocción Lenta,215,17,26,5
yB3l9C9rqeOLT1IJvzv3,Salmón Jugoso con Cebollas Caramelizadas,215,7,24,11
0rtwbegmCwhXThbXnQAb,Wraps de Ensalada César de Pollo para Almuerzo,220,21,25,9
4os37KHjnRkCBUhPuXk3,Sloppy Joes de Pavo,220,16,30,5
9wsnuNO34sbQFAvwlLnl,Sartén de Salchicha de Pollo y Repollo Económica,220,27,14,7
DP92AgezDhOtRbxSQGxQ,Chili de Pavo Fácil,220,10,23,9
Dat2gwThUMfWyyhvOrZX,Surf and Turf (Medallones de Filete y Pasteles de Cangrejo al Horno),220,12,24,9
ETtKN1Dg18QymWqNAbSN,Sándwich de Aguacate y Verduras,220,28,8,11
Iyo1JvxjHXSq4KPkXvrP,Ensalada de Garbanzo con Perejil y Limón,220,25,8,11
LwDO7wegC60bitzzk0bv,Chuletas de Cerdo al Horno con Cítricos,220,5,25,11
NDizvKTnIiZ7wbs7sjdK,Tacos de Camarones a la Parrilla,220,17,23,8
OWmxyjmccv4yaUP65YB4,Ensalada de Pasta Fría,220,40,7,5
QHKMGhlocZVbIIJNumpU,Sopa de Pavo y Cebada,220,21,25,4
TDHy0QWjqnllqb34Du53,Vaca Frita de Res,220,6,23,11
a0ewnxjBF7UDVflOjKKn,Gazpacho de Sandía,220,14,2,18
fHk37XDQ4xNzHtid5xvT,Chili Rápido para Congelador en Instant Pot,220,22,20,7
jwpedS6yjHVkBnBhO3uq,Avena con Frutas del Bosque y Almendra,220,33,7,7
kVc4I8SMhXWtdduw0Fp5,Pastel de Carne de Pavo al Estilo Suroeste,220,15,20,8
n4ytyLLeQc1ViGvVxHNq,Rollito de Huevo sin Relleno,220,9,25,9
piGx0wswMUM6AFKC9ZVW,Salmón a la Parrilla con Salsa de Mango y Tomate,220,10,23,9
pu7z36wsvatu37YZjSPt,Halibut con Salsa Criolla,220,11,31,7
vqV0loXVsriKmJF9wwuL,Masala de Chana (Garbanzos),220,26,7,11
yRPKYJgvDmu0hN7eaPgw,Pollo con Limón y Hierbas,220,4,26,12
3tR0uFEkwobZ790ZC5Qo,Bistec de Falda con Relleno de Hierbas,225,8,24,10
C1iJCPBzo9UUzUEeMoVG,Salmón a la Parrilla Marinado - Receta Gourmet,225,2,26,12
HZNKoXLHqwBI95uDjBW9,"Penne con Broccoli Rabe, Prosciutto y Ajo",225,33,12,5
HmMeWXJ6vggOUftwp7ur,Salmón Frotado con Chile Chipotle y Té,225,2,25,2
bzn5V1G7aeMroukQDKim,Tostadas Fiesta (Pizza Mexicana),225,32,9,9
0zxEfcv4vHznnskjVIS6,Ensalada Crujiente de Pollo y Manzana,230,15,21,10
1LJa3PALDaEMWeavwWSb,Pollo a la Parrilla con Ciruelas y Brochetas de Calabacín,230,14,26,8
4Mb9zg1Nc87O85Poe1mR,Guiso de Verduras con Romero Fresco,230,44,9,2
9Xh6lBiV1yGps2BtLodP,Chili de Pavo con Especias de Calabaza en Instant Pot,230,27,19,6
9gMzMHvXaQxzMj5uDseO,Chuletas de Cerdo Ahumadas con Tomates,230,6,22,2
9iHKMDLawYceUqWcjwyQ,Sopa de Maíz con Chile Verde,230,32,9,9
AAyyGZPSCdcRNH8sfN5R,Pollo al Limón con Romero y Ajo,230,3,30,10
BFOkzLLtT9xB7Wszev25,"Lomo de Cerdo con Mole, Calabacín y Frijoles Negros Refritos",230,18,29,5
Dx7JZTtTLdMp0Kmg8DGw,Estofado de Cerdo al Horno con Batatas y Chalotas,230,22,18,7
Ho0cupkINXZdWBEVuEIP,Pechuga de Pollo Rellena de Pesto con Salsa de Bruschetta,230,2,38,7
IiQ8gAfRy9bmNJvyFoYt,Chuletas de Cerdo Asiáticas,230,5,23,13
J2ZbyVZ6VSyjgAbwblmD,Halibut al Estilo Tailandés con Relish de Mango,230,13,27,7
OKvevyYItDbL2I9fNz2u,Chuletas de Cerdo con Manzana y Mostaza,230,7,21,13
QeOeo4Q55R7MGbNS9y5R,Pimientos Rellenos Económicos,230,23,25,4
S6kYr5G8KWevINdzpY8b,Ajiaco (Inglés),230,26,16,7
SAEeFq2tepAheGaVCP48,Ensalada de Kale y Pollo con Aderezo de Jengibre Fresco,230,6,28,10
SJQvvNtGh40JPhD0kbrx,Pollo de Naranja Dulce en una Sartén,230,16,28,7
UwhKLAPXKGJ2vIWD9mom,Roulades de Lasaña de Berenjena,230,29,18,6
XXotD8BvTqhA4B2s9kCW,Pollo con Hierbas de Estragón y Champiñones,230,2,36,8
caVZPfhArp1YLR1VWN48,Sancocho de Res,230,40,12,3
eiWbrIkTgQqRkxukBCxP,Hash de Salchicha de Pollo Económico,230,29,11,8
fJJGl7GaW9VUd8XvDPls,Ensalada de Espinaca con Pollo y Aguacate,230,11,16,15
h486OWYqUcJWOlkRttqs,Pollo BBQ con Miel a la Parrilla,230,18,38,7
kvFUv1k10fMInWtMhYpJ,Ensalada Tropical de Kale y Quinoa,230,30,7,11
mg0tz2gwoQWMXW0S8r6q,Pimientos Rellenos al Estilo Mexicano,230,25,21,5
pC1cqQbBU7x5iJMhEi7S,Fajitas de Camarones,230,31,23,3
pU5ZO4wtDYWn5b3bEsMl,Sopa de Maíz al Estilo Cajún,230,28,16,7
pgUnJyZCPW5Jvu26f7g3,Bistec de Lomo con Especias Salado y Manzanas con Canela,230,15,28,6
qbF0EpsKb1MfbQavDfJN,Ensalada de Pollo con Fresa y Semillas de Amapola,230,19,26,8
sdnduHJcn63jenA7xXJ1,Tostada de Aguacate con Tocino de Pavo y Tomate,230,20,8,130
t3oj8SBv1LFwIckA72iu,Bacalao Provencal Económico,230,6,33,7
tyYqlmRNhPGYKL4gQvxX,"Frijoles con Pimentón Ahumado, Romero y Aceitunas",230,21,8,13
yrosWhfVciESAE2e6uhe,Pollo Asado con Verduras y Arándanos,230,16,25,6
z2UyN3PbSaCxGdoQfyI0,Shakshuka Rápida,230,25,12,9
zDDdGkovbSmQnEZOyPPm,Tazones de Taco de Camarón y Aguacate,230,16,31,6
zYVwiAf3E3n2aXHXGvjB,Chili de Pavo y Verduras,230,27,20,5
MgMU1v3xSiyO2si5SKOv,"Sándwich Económico de Huevo, Jamón y Espinaca",234,24,16,10
CAx4sBGoIoz5haUgdYKF,Edamame y Pasta con Feta,235,32,13,7
yskJTuqV0PqxRlHB1na8,Ensalada Picada de Pollo y Frijoles Negros,235,27,22,4
2NcrgpfJfrKTk0Edbegq,Kabobs de Pescadores (Spiede Alla Marinara),240,5,29,11
92qomV1Gfg60hNgIiXNU,Portobellos Rellenos de Espinaca y Alcachofa,240,16,18,12
CyftVBydr4arRDH4D3dk,Tazones de Arroz con Verduras y Curry de Coco en Instant Pot,240,42,8,6
Igx6GZfor87FykUOM5TY,Muslos de Pollo con Miel de Maple y Mostaza,240,7,33,7
JQ9ezR1IHKDW98n0Ts9w,Albóndigas de Pavo Dulces y Picantes en Olla de Cocción Lenta,240,18,21,8
JrVE64TQIWwTINdibqu1,Pollo Asado en Una Sola Olla con Calabaza Bellota,240,22,19,9
LxFo3Pr4AwgXzNLHgMws,Ensalada Mexicana Picada con Lima,240,24,7,15
M7dcwVk4p1cLoII6YMvk,Bacalao al Horno con Chimichurri de Perejil y Cilantro,240,6,21,15
OgwtjSVTmilwpR2W1FJp,Panini de Pollo Fácil,240,14,28,9
X50HlQMa9Vrvicxg698Y,Sopa Vegetariana Thai de Champiñones en Instant Pot,240,35,12,7
XIwXwtkO7u2JbZXeIZYO,Pollo al Balsámico con Champiñones,240,12,27,9
XmgnnM3zGpJW5jOCvru1,Cazuela Mexicana de Quinoa,240,35,13,6
Yjq2M2XUCa8BCrQTL9z6,Frittata de Espárragos y Bok Choy,240,5,18,16
gxMhYnzP8roI1U3HIX79,Trucha a la Parrilla con Hierbas Frescas y Rodajas de Limón,240,5,29,12
qLHhmuuI7P1jmXY6A9g0,Pizza de Pimiento Asado,240,33,10,8
rM9l9DJpttD1QwSfe143,Avena Mediterránea Salada,240,37,12,5
shIPw5IjgB4uwUjjD05N,Yogur Griego Estilo Tzatziki Salado,240,12,19,14
tJLiDCmUaIB0NSvqVDie,Ensalada de Curry de Pollo en Instant Pot,240,17,26,8
zNpQ7Elb587hX7Meoll1,Camarones Creole y Grits de Coliflor,240,24,24,7
D2gZJ2C2qIBZea3BZVx7,Salsa para Barra de Ensaladas con Bistec de Falda a la Parrilla,245,12,24,12
O4JRcEmt7ABIFMrhX2YW,Nachos de Pollo Deluxe Económicos,245,25,22,7
iQOCGS6aZX9eyxwReE4o,"Rigatoni con Tomates Secos, Pesto y Aceitunas",245,36,7,8
mndFIDJYRkXcBkqTvnwV,Ensalada de Pasta con Atún Económica,245,31,22,4
1AJjOPtuZ6rBNkouq03p,Pizzas de Pita con Verduras Griegas,250,32,14,9
7Wd2tAcFZWcNbhjfeTMl,Tazón de Arroz Frito con Verduras Baja en Carbohidratos,250,11,25,12
CgLBX9wn1L1fe7BWUDMW,Pastel de Manzana de Ronaldo,250,40,4,10
EI1uWaFy7YGno1qWSuGW,Alitas Criollas,250,15,33,6
EMoSJILMxFGLu0OVwiIr,Pasta de Kale Vegetariana,250,38,17,6
EesiTFZpTjqkVNVZ4AbO,Wrap Mediterráneo de Pavo,250,30,28,6
HtDd2vXB5wCdEZwN5y7t,Calabazas Rellenas Saladas,250,30,17,7
Lw0TBbBqt8fuxTMU5q4V,Cazuela Moderna de Atún y Fideos,250,42,13,4
OcaSmCegnr3Yvpub1HMY,"Rollos de Lasaña de Cangrejo, Kale y Ricotta con Salsa de Calabaza y Parmesano",250,30,16,8
TTrsdPKNMWMpdYGEUQSH,Sloppy Janes,250,31,16,7
U6nheii2wQb8vSpgo4KC,Vieiras Selladas con Salsa de Pesto,250,5,13,20
V6M3FgK1M9RAQ60NDJI7,Paquetes de Pez Espada y Berenjena Sicilianos,250,14,19,13
V9LZzdwG0n4ntjKT4qNS,Wrap de Pavo y Aguacate,250,23,33,9
eKg7XtpMmVyQdriV9bLw,Mini Sándwiches Mexicanos Saludables,250,21,19,10
jwCJbD9BTgukjX40hl64,Sándwiches Abiertos de Pimiento a la Parrilla y Queso de Cabra,250,33,12,7
kfZZwny8sPp2neUu6jex,Carne y Brócoli sobre Tallarines de Calabacín,250,15,29,9
nfFL66oz78w2DaJvaZ9F,Tostadas de Huevo y Aguacate,250,26,12,12
oC2GMVHEgxlRAV0MhBPm,Pollo a la Parrilla Marinado con Calabacín,250,7,25,13
rWms0AHpmMhvMe8n8ODK,Tacos de Pollo con Batata y Espinaca,250,28,18,10
rrtlS2NWO9d0SbCvF0aN,Tacos Vegetarianos,250,41,13,5
uLTJKW13j0FTWIbHKRj7,Wrap de Ensalada de Pollo con Pesto de Espinaca,250,15,23,11
ujuhuOvcjAbKlszuTSBS,Rollos de Primavera de Pollo de Verano,250,26,18,8
wc8s6ZYEChP2ONQwrc1l,Macarrones con Queso y Jalapeños,250,43,13,5
amMXwxacUlOlg06eCrrN,Sopa de Repollo sin Relleno,255,23,20,10
dMqOR5nrftO1u35VMXKz,Atún Sellado con Salsa de Pesto,255,1,28,15
02cG0piveFHxeCpJHbGb,Salmón y Espárragos en Bandeja,260,12,25,13
41VKWTsXYRVz1kMuTPRe,Shakshuka con Pimientos Rojos y Queso de Cabra,260,16,18,14
6OMU9hSPHc5SUrq9Dw6Q,"Ensalada Cremosa de Pollo, Brócoli y Pesto de Albahaca",260,9,24,14
7XP3fyXxyiCZ5dIQWiPo,"Ensalada Griega de Orzo con Guisantes, Limón y Aceitunas Kalamata",260,34,11,11
9xTRyWpezxQUpvPbf3Do,Paquetes de Salmón y Verduras Griegas,260,9,27,13
ACAW9nacnNOET8L5mC0V,Frascos de Huevo y Verduras en Microondas,260,3,20,18
AQr1da2WcvC9yHSvA6RL,Cazuela de Pollo y Calabacín Baja en Carbohidratos,260,10,33,9
BhNlyngn62d26jQbNLvN,"Arroz con Pollo, Cheddar y Espárragos",260,27,17,8
CFCMAPo4zpAqfkXGlmKt,Mini Sándwiches de Ensalada de Pollo,260,28,18,9
DIBz5cGBvHpGqKjxsbCv,Ensalada Estilo César de Pimienta y Pistacho con Pollo,260,11,25,13
LvlMQuJ7WcHiZ5Raej58,"Sopa de Pollo, Pasta y Espinacas",260,15,26,10
NT7wKbR2PCoy3Xnl09hK,Cazuela Fácil de Pollo y Verduras,260,23,27,7
QcN5RVJQs0W28USqnaXA,Burritos de Fajita de Pollo en Olla de Cocción Lenta,260,33,29,7
QoG0YuDKJxKZWBRpOAY4,Pastel de Carne Cocido a Fuego Lento,260,13,26,10
SqboklcNQvhgmvRMSXbj,Cazuela de Tostadas Francesas con Fresas y Queso Crema,260,27,11,12
XlDi5QB94bZbJD0C01Xe,Albóndigas de Pavo Arrabbiata,260,12,19,14
ZUMfAlOAajdhK1hwppJm,Ensalada de Bistec con Naranja,260,12,25,13
aU1SLqDtEn99KmVr2XRD,Nachos Cargados sin Lácteos,260,41,9,8
bTRy59Axh9yfkTgLPsxs,Panqueques de Mijo con Puré de Lentejas,260,44,16,3
e2194Wul5SummUzn0Dio,Tacos de Pavo,260,19,19,12
emQOWEEsYtysHpS2MPyv,Tazón de Burrito de Batata,260,43,14,7
g5HVr5LlXwDSeEyeAyRR,Hálibut con Pesto de Espinaca,260,2,26,17
hItvvuRhgzJPYwc8HyPx,Estofado de Res en Olla de Cocción Lenta,260,27,22,7
hwfxx1py6BipGo9gOGSp,Tacos de Pescado a la Parrilla con Salsa de Fresa y Mango,260,31,24,4
kIzFZx0kRSYaKgUC7mjV,Salmón con Salsa de Mango y Durazno,260,13,32,9
okohCo1HqNg3A4mY7Sv8,"Envolturas de Lechuga con Ensalada de Pollo, Arándanos y Almendra",260,11,39,6
vlJml0Ju1o894xpdYhBe,Tazón de Desayuno con Batido,260,34,11,10
xhS2iDtezveYNLVTxyb0,Pasta de Garbanzo con Verduras Asadas,260,29,13,10
zmFQ0Qm4DIj2QQVlu0Rs,Pollo Marroquí Estofado,260,14,21,13
SIDTDZnlYRWBoVec2L2u,Ensalada de Pollo con Fresas,265,16,25,10
jUkgvWLRMrf9C284Yp1C,Ensalada Asiática de Atún,265,18,34,6
43Eh4owApxNDSXqmwjR8,Paquete de Mahi-Mahi con Cítricos y Brócoli,270,18,32,9
9dTv0uqqVSzUxFbVP7hf,Tazones de Arroz con Pollo y Espinaca al Estilo Japonés,270,27,29,4
AlMJWNdHG0qthMmFc8Kw,Albóndigas BBQ,270,15,25,10
BILUy0BTzqZgaXWg8Vu8,Salmón Teriyaki y Verduras al Horno en Bandeja,270,12,25,13
GSM7TwCyB0ZEoXx9cTDM,Hamburguesa de Pavo Caprese,270,27,22,9
H2uGfrT6VJuuldhkzV6P,Galletas de Desayuno,270,33,11,12
ICtULLjJrpcGIlxWq9kq,Pollo Cajún y Arroz Andouille en Instant Pot,270,33,16,9
IQZCQx0FNBxaXCZRAMKJ,Guiso de Berenjena y Garbanzo,270,43,10,7
LI7xzW0SXLGueloiHrC3,Ensalada Asiática de Pollo,270,9,26,15
O0jDaIaOt5c9QEs99ava,Calabaza Espagueti Primavera,270,18,24,12
Vou6rh989MUzptVCKozz,Enchiladas de Pollo y Espinacas,270,29,23,7
XhJJpqghpk2cGsujpVXi,Salteado Fácil de Brócoli y Camarones,270,10,34,11
YPtVqcWF9x8UWu9cfn0e,Ensalada de Remolacha y Pollo Asado con Queso de Cabra,270,19,23,12
diM65qSsKocep7vRqNYh,Bacalao Empanizado con Panko en Instant Pot,270,10,31,11
dtPO7pQsNcFDHX4OOB1u,"Ensalada de Lechuga Butter con Peras, Tocino y Cilantro",270,21,11,18
eaRgNGzmnPJWt8RANdhz,Brochetas de Tofu y Verduras,270,21,21,14
feCHoRfgJrItNyRixDlX,Pizza de Piñones y Nueces,270,31,7,14
lYRgM18cLuKlxmUTVFqf,Ensalada de Kale Baby y Quinoa,270,39,10,9
mKQOlzPbf7l5TBrc3n9Q,Sloppy Joes de Lentejas,270,48,12,5
oZ1SYAL7j50TtTasXW12,Vieiras Selladas con Zanahorias en Espiral y Cebollas Caramelizadas,270,37,20,4
sVfjdu95xSV6y9FIgewG,Frascos de Sopa Instantánea Casera,270,32,10,11
wXKBo3ScuibUI1HTjdU3,Horno de Enchiladas de Verduras Asadas,270,43,13,7
9USXgz0SJ9XkXrHxZJo7,Ensalada de Pollo a la Parrilla con Pacanas Confitadas,275,14,37,8
ge64hpKcEPywn6ZUS4Tw,Ensalada Thai de Carne de Res y Mango,275,22,25,10
05Ma0xenK1uvXNNnG2wx,Piccata de Pollo Económica,280,17,35,8
6a21GXGIAZnzCoszXmQi,Berenjena con Albóndigas (Borani Bademjan),280,12,17,20
EYiImaN0S5qXMjtlp3GI,Tacos de Cerdo Hawaiano en Olla de Cocción Lenta,280,17,40,8
F1b3ewqgYVKhRUl5mMQj,Paella de Mariscos Valenciana,280,39,20,4
GKiAoKTUpNVDiWYn9FKx,Pastel de Huevo o Pavo,280,23,25,10
Zz4HN6Ghi1Empf9ecUbt,Avena al Horno con Calabaza,280,43,10,8
aFiUym0PiDzebEWrvSJG,Pastitsio Económico (Lasagna Griega),280,37,16,7
fnEs6gcqhwOcC7NfI2rs,"Sopa de Wonton con Albóndigas de Pavo, Bok Choy y Zanahorias",280,20,26,11
fnqCad8oeoEfp12aVMjA,Pollo y Batatas en Olla de Cocción Lenta Económicas,280,29,28,5
jniDjO2Yc25GpbTPZHLm,Lentejas y Huevos Escalfados en Instant Pot,280,22,16,15
pShgOULLUl3bA3vsUdOx,Chili de Pavo y Tres Frijoles,280,33,20,7
peAXmP1EeHof2dccJCCz,Ratatouille de Frijoles Rojos Criolla,280,41,15,7
qIGeN0hWMEkxlb1nqw0o,Salmón al Horno Inspirado en BBQ Coreano,280,4,34,13
rrOnQEK1HDj86aK8tEZx,Muslos de Pollo con Miel y Mostaza con Arroz Salvaje,280,30,25,8
tCdoWQFjkb9bz9vASz3Q,Guiso de Garbanzo al Curry con Verduras Asadas,280,34,9,12
tkMw4JHj4fiW94zEOmAP,Amantes de la Pizza para el Desayuno,280,37,10,12
tl02xRviHL9s0VJcI5Rg,Pasta Cremosa de Calabaza,280,45,9,9
y6s6cwnA4iHaeX7evVc0,Salteado Asiático de Tofu,280,37,15,9
3ZSc8zU33rFx90GxOUBL,Salmón Relleno de Espinaca y Feta,285,7,27,17
7RYUmGQtQJU0uhLW4SNm,Falafel al Horno,285,42,14,9
8yvKuVQSncvdbddetpOY,Batido de Pastel de Calabaza,285,29,29,7
B4WE2gfw2ozNNkjOKbE2,Pastel de Pastor Vegetariano,285,45,18,6
MsGJYnVN1UojK6KHXwU1,Stroganoff de Pavo,285,31,25,7
ORoLvj83x6uQA12Ew5Az,Filetes de Pescado con Cobertura de Limón y Perejil,285,1,33,17
UTsZWhg14fFwT2iNiNce,Bacalao con Pimientos Asados y Frijoles Blancos,285,21,32,9
2vZZ0WkclaML2rgfV4Y9,Sopa de Chili de Pavo Negro y Blanco en Instant Pot,290,30,22,10
41yiak9crHGpge1QVL5V,Mini Sándwiches de Pollo Desmenuzado BBQ con Albaricoque en Olla de Cocción Lenta,290,14,32,11
7Ny2d4qMCWoqyOPcZdDH,Pastel de Pollo de Grano Entero,290,33,21,9
FlmtclYgZtad7J1BgOTA,Pasta con Pesto Verde,290,33,8,16
IHPRNrdozEDOpazvTzO5,Ensalada de Lentejas y Nuez,290,34,14,12
NBYEWX2AzQCtooELUaM5,Platija Empanizada con Parmesano y Limón con Judías Verdes Amandine,290,18,28,12
SaZWoia1RKegW432g0SK,Brochetas de Pollo a la Parrilla Estilo César,290,11,36,11
YpsL6a09XwwVpPwwGwLx,Salmón al Horno con Salsa de Jengibre y Cítricos,290,16,24,15
oNWA3NArf2iTs8N2g5Qc,Chili de Res Fácil,290,34,22,8
oPcGBUxuYMrLPC4w4hvR,Avena Nocturna de Canela y Vainilla Francesa,290,47,14,8
ohOIloI7A6sdaYCNLnZz,Hoagies de Lomo,290,32,28,5
p7QFbHUb4CkFPsLJ9HEw,Bistec con Adobo de Café,290,3,40,13
sm6lqqxN6Ox8CRTvrGLz,"Pollo con Chile Dulce, Batatas y Brócoli",290,20,27,11
wXSKFz8J3aC3E9pEgBpi,"Huevos Rancheros con Frijoles Pinto, Arroz Integral y Salchicha de Pollo",290,31,22,9
zERHZn8S7CXhkMb2cwps,Salmón al Chipotle con Salsa de Sandía y Mango,290,21,23,13
FESscg4gsqtd3XCUPmgO,"Sopa de Pollo, Arroz Salvaje y Espárragos",295,28,21,11
a3ny3QGSEjzn1hkbCG2c,Rollups de Roast Beef,295,43,19,6
pOMmTW6k8rckE5Y8oHWu,Salmón con Corteza de Pistacho,295,9,29,15
7r3yvvvNXcygO13KyMmJ,Pollo con Anacardos y Pimientos,300,15,22,17
Aw8RUwJStuElWF6M1ptg,Pastel de Carne con Champiñones y Nueces,300,33,13,15
E5wRnjWpZVFZ6yho9yeC,Pizza de Aguacate y Huevo,300,25,7,20
FjLWkw42UPP8uu0dq9aw,Bacalao al Horno con Parmesano y Almendra con Verduras Salteadas,300,16,34,12
HGbVY0oqAabVPdbq5FBN,Filete de Res Criollo,300,28,26,9
VEGagwRKuAUhJ5gdCzta,Enchiladas de Pimiento Verde,300,21,20,16
WT4vYr0kMxfIefrIL70s,Tostadas de Pavo,300,31,25,8
WVKaRFj48G6ExHeIRj7Q,Kababs de Pollo con Pesto,300,9,36,13
Xh8lf2265ONIqSGc4MW1,Chili sin Picar,300,26,26,11
Z7MU3lE4sV9YrDzhNbEi,Pechuga de Pollo BBQ con Durazno,300,20,26,12
gpmBgjmrImj25Tn6NhTw,Risotto de Calabaza (Risotto Di Zucca),300,41,11,3
i4tAIBMC6br0gnBvQgy0,Pechuga de Pollo Empanizada con Pacanas,300,3,37,15
ll7E15m3djS9Od6jYkiZ,Enchiladas de Espinaca y Ricotta Fáciles,300,37,16,12
lv7BsDTShGg2dG8H2W88,Curry de Pollo,300,39,30,6
qUIwaDqPTs9qymhJlkRP,Huevos Rancheros Blancos,300,30,21,10
sUnrNXDbCwmIkwxLngp7,Salmón con Pesto de Kale,300,5,28,19
tj7fE01wHgQOd6pc71Lh,Nachos para Tailgate,300,32,25,8
ulBycKLBnDd8dLGBnexF,Penne con Salsa de Berenjena y Tomate,300,45,10,90
92xHBkBQHn9UPC7LQl5o,Salmón Glaseado con Miel y Soja,303,12,39,12
I7ZD7ypmohK9AYaCKE4y,Rollitos de Lechuga con Pollo y Pepino con Salsa de Cacahuate,303,17,33,11
Ge9wzF0W4tYbLpzGgh8Y,Filetes de Pescado Sellados con Salsa de Pimiento Rojo,305,26,28,10
ZgD5y3Qeeugck8uwIeC4,Coliflor India Asada con Garbanzos y Anacardos,305,34,10,16
27ItAnj9o4gsmElMjZKi,Tacos de Rajas Poblanos y Bistec de Falda,310,36,19,12
4cO3zLSBFlZ2QiW2GFCk,Croquetas de Garbanzo con Chutney de Mango,310,45,13,10
5WOeJRbxSBYjcrgaGe7V,Almuerzo Saludable para Regreso a Clases,310,34,30,9
AaYQ7T6wq9e7MqyKppdM,"Sopa de Curry de Camarones, Calabaza y Verduras",310,27,33,10
ExF3AJcIDJ7ukhtf0UJn,Ensalada de Plato Principal de Verano,310,26,30,10
RqagKElkHtJsUJsOGhqi,Pita Mediterránea de Pollo,310,25,26,13
VaMqEvHsnmwaif7EtCRl,Ensalada de Almuerzo Energético,310,28,18,14
ak3JnxpOEMESgRqFYVLC,Sopa de Pollo,310,11,36,14
rytcDTGcKj0yYV0dPExo,Sopa de Batata y Frijoles Negros,310,46,14,8
tFzGsAjRjjPvQuQPYmDc,Tostadas de Pollo Económicas,310,26,29,10
zetVMuYzrdwcnD7pOIY2,Pastelón (Pastel de Pastor de Plátano),310,39,20,9
4Wy4mpqYNia6kkbQqOol,Pargo Rojo al Estilo Veracruz de Ingrid Hoffmann,315,18,37,11
RKSk87qd5DjWoFnG0yNd,Pollo con Albóndigas,315,31,36,5
0PKGvK7nMxfln24CJbMQ,Ensalada de Pollo Asado y Rúcula,320,18,36,11
5H0rPkWou7oTuV6SEnZA,"Ensalada de Trigo Entero, Frijoles Negros y Aguacate en Instant Pot",320,33,13,17
637BT7337fKHuG2INFrn,Sopa de Guisantes Partidos con Sorgo,320,46,21,6
8tg7KRwpFAh6vgBOvpap,Tostada de Bistec con Pimiento a la Parrilla,320,7,32,18
Hio5Fv3dgkpv8iEpZ45D,Tazones de Ensalada de Atún con Aguacate,320,11,22,23
XTkY5ChTPiXBUDvngPTC,Taquitos de Pollo al Horno,320,35,22,11
pobHjae62hVgRPBLdiEp,Ensalada de Salmón a la Parrilla y Aguacate,320,10,24,21
qwh0TTsnM5PLR6FX5Prw,Ensalada de Kale Poderosa,320,13,17,23
s5O24KjVOpa48jrNINGI,Zuppa Toscana Vegana,320,42,20,9
ssI4ntprWR4Oe8m7MQJA,Salmón con Miso y Bok Choy al Sésamo en Bandeja,320,5,36,17
Qdtj44NGaVeP4ebtnur8,Sopa de Pollo y Frijoles Blancos con Cobertura de Verduras Frescas,325,25,31,12
0rseZYAmXzFoMQM9kH9Q,Batido de Té Verde y Arándanos,330,27,30,13
3UVVXFQDIwJ8GvICQahu,Tallarines de Calabacín Satay,330,24,25,18
HUrCgx4ZDMcNjczai7tu,Tazón de Batido Tropical,330,44,18,13
UdU4qtmWe7BJgz9sjfwb,Sándwich Abierto de Ensalada de Huevo y Espinaca,330,42,17,13
fJVGCfrm7begXIOUfbYY,Sándwich de Ensalada de Pollo con Fresa,330,30,26,13
hs2rJc6sh0AJf3pF2rsG,"Pollo, Judías Verdes y Papas en Bandeja",330,19,25,17
xWjvXl6XVzfnXOpH3tEG,Hamburguesa de Champiñones,330,25,27,13
yZqkyqvnUoEFBSYcNczn,Pechugas de Pollo Asadas con Hierbas de Provenza,330,0,47,15
pMIp57idCANcnazSooNa,Pescado Relleno al Estilo Jamaicano con Ritz,335,31,25,12
DTLEqh82Ub7L3NM3mElR,Souvlaki de Bistec a la Parrilla,340,22,25,17
IbprBXXW0AEFNpIG3Hdw,Burrito de Frijol Rápido,340,45,11,15
JzhJ4vJ7Z8WMNNnE4bh1,Tiras de Pollo con Panko y Ranch con Salsa para Mojar,340,17,30,16
Kbj7mFpvpo85gRtkoeIo,Ensalada de Quinoa y Sandía,340,30,13,21
NF8Bs5BViMOcoYUP9ojR,"Tazón BBQ Ama tus Sobras""""",340,38,37,6
NQ58D66MJyxZ2y9g1XSU,Brochetas de Pollo con Cítricos y Estragón,340,19,27,18
OQHUiaXg5qBRc1a5pOXN,"Horno de Pollo, Coles de Bruselas y Champiñones con Queso",340,19,35,15
a7bdL6Cj1urPOHkboZlD,Ensalada Griega de Pollo,340,16,25,19
eR9OavJDl5BHWkmNfSFx,"Quesadillas de Frijol Negro, Mango y Pollo con Ensalada",340,43,22,10
zol8FbtDLWfPOIy2E7qa,Pizza de Desayuno,340,31,17,140
Edk9vrVdKn76Dzbw8Kng,Tazones de Salmón en Freidora de Aire con Salsa Yum Yum,350,29,22,17
L9yPF6dGXBRquxqBpKIU,Estofado de Mariscos Toscano (Cacciucco Livornese),350,8,47,12
Q3a042vQbxo7PocJMq4F,Sándwich de Pavo con Ensalada de Col Crujiente,350,33,40,7
Y2l6SCo9p32MIJr5lDPA,Salmón y Judías Verdes al Horno en Bandeja,350,4,20,28
YcLaXY87UnJdigJUxncB,Lentejas y Verduras Verdes con Manzanas,350,42,14,15
jq0PYpzS7fQuenjWwjLn,Papas Rellenas de Salchicha de Pollo y Calabacín en Instant Pot,350,45,16,12
0NxK6yvlxB5ONW8wG9oP,Tazón de Bahn Mi de Tofu,360,18,17,27
3PmjLXRd1wM6aQXmqolq,Pollo con Cacahuate sobre Arroz de Coliflor,360,17,26,21
73dHYgWpcaYDG1KGbhT8,Tazón de Burrito de Bibb y Frijol,360,44,24,11
7DVk4E8yBHM7FEP7cD4J,Caja de Almuerzo Baja en Carbohidratos,360,33,21,18
PtRDleeXJABHHSzhImGL,Wrap de Ensalada de Pollo sin Gluten,360,35,25,12
qk9cH163iTEMRj5SedAY,Tofu con Parmesano y Tallarines de Calabaza,360,20,26,21
xjJONwpgkxzenmYOEkkF,Sándwiches de Huevo Frito y Aguacate,360,36,15,18
d7Cn9pOi2CMFX1OYqdU5,Wraps de Pollo a la Parrilla,363,33,38,8
EQLyGEC0JAIMF3apIbY0,Tazones de Salmón y Arroz,364,33,27,13
T6XGTczFfpPncSRLLQ5U,Sándwich de Pollo a la Parrilla con Cobertura de Aceitunas y Rúcula,365,27,32,14
QW16HB7rfy0Nwg7KXKjs,Tacos de Cerdo con Ponzu y Mandarinas,370,38,26,13
iPn5o1sWhueJ7RqY6i8v,Burritos de Pollo y Frijoles Negros,370,36,37,14
kJZ3hhWNPOlsdtwlDCDF,Hamburguesas de Pavo al Estilo Baja,370,37,25,13
mUyMuWtw6mOdqOBJsgSv,Coles Guisadas con Papa y Frijoles Blancos,370,64,14,8
Z5VlpLtYR90rh68qM0lR,Salteado de Carne y Brócoli,373,37,18,17
7gMJKOzBmX7ygvzsbrMU,Sopa Vietnamita de Res (Pho),375,47,30,7
yclEytxcbNDRkeXXzEwI,"Ensalada de Farro, Edamame y Arándanos Secos",375,44,12,19
Faa6vH2NE8U3xZxRjXxi,"Ensalada de Cordero, Kale y Granada",380,16,32,21
clOV9LssDiAmEjr0svpe,Cerdo Sellado y Verduras Asadas con Salsa de Manzana y Salvia,380,28,44,11
gG3VmnYHxxnpiX8YLWT9,Asado de Cerdo Especiado con Calabaza Mantequilla en Instant Pot,380,25,30,19
jBsFe1IlNdFjK0jtaY9X,Tacos de Verduras Asadas Económicos,380,60,15,11
32wEI0Nqe5S8Jsnl1RI2,Salmón de Alaska con Naranja y Berro,382,7,46,19
4eD7Bdfc2JP2mDlwrwvv,Chuletas de Cerdo y Yogur con Limón Conservado con Verduras Salteadas,390,18,47,14
6yMPlvlpSOrqF8MDzAHB,Cazuela de Pimiento sin Relleno,390,39,25,15
7bPJrpXyWEyEvIsGfeFT,Salmón Glaseado con Naranja y Romero con Broccolini,390,21,38,17
7tHfJwq6GWVyVq48wZ6V,Risotto de Quinoa con Salmón,390,39,27,13
8SONnzbRS5PBUn7xQBxU,"Tazón de Mandarina, Verduras y Proteína",390,31,29,19
CYEV9rHwgmcO4U4C9XxE,"Pollo Togarashi con Glaseado de Naranja, Verduras Asadas con Miso y Pera Marinada",390,37,44,8
FJtf3G4GBLpWULC6VGx7,Tilapia Glaseada con Naranja con Kale de Cilantro y Verdolagas,390,29,35,17
Xx5r2pVfoT4Z058uHKu6,Rigatoni con Pesto de Kale y Parmesano,390,46,12,20
f5itXUbNfnW3jZJ24qjl,Tilapia con Togarashi y Pepino Marinados con Verduras Salteadas al Miso,390,26,33,18
gszqxwatXSySjb8mC4OO,Pimientos Mediterráneos sin Relleno,390,45,27,13
l1UuHObBcj8tdZhoRZI9,Tazas de Lechuga con Pollo y Pimientos Asados,390,25,31,17
lAYTiFfxYfDJIJDz1dDK,Ensalada de Pollo Ahumado y Tres Frijoles,390,35,36,13
tDcDii0Kw37JAZ0qtn96,Quesadillas de Espinaca y Champiñones,390,44,9,22
1fqiRvdmx3L9yLl0Y3W7,"Ensalada de Orzo, Lentejas y Higo",395,44,13,20
D5BRWA6rGPIJGy2bag9l,Envoltura de Carne para la Caja de Almuerzo,400,37,27,16
LGgas4YbjPv5QkSbicgp,Batatas Rellenas de Chili de Pavo,400,41,27,15
QS2lrEqYBwcPDwryuxQU,Cerdo Especiado y Manzana Glaseada con Verduras Asadas,400,36,42,11
btHp3AoDVkp6ayQfmFRT,Fideos de Calabacín con Albóndigas de Pavo,400,19,35,20
yuvquC62o2m8qiHzdcrP,"Bistecs de Coliflor Asados y Farro con Kale con Salsa de Uva, Mostaza y Tomillo",400,59,15,14
0x7jllbRfZYDZGDmwkLg,Taco de Huevo Frito al Sol y Aguacate,405,33,13,27
Nbe4uJC1gNOrGPfMGjjx,Pastel de Huevo al Estilo Familiar,407,34,33,0
NprCojJoJlNW6j9Z9ZlY,Pollo y Waffles de Granos Enteros,410,44,35,10
Xhb5GRJDVa6MA7w56fIu,Tazón de Granos Mediterráneo con Brochetas de Cerdo,410,35,22,21
4ptNtBTZm9A9r9M22mg7,Frittata de Salchicha Italiana,420,45,35,15
W96tl260YTDZ4kyk4Rcb,Sopa Griega de Frijoles y Verduras,420,57,20,15
TBGv3gga5Q6RiZ9qwCzC,Pasta Cremosa de Pollo con Albahaca,430,37,41,19
hmyAqoJR3ygEzYMXUAft,Pollo Asado en Sartén Ahumado con Papas y Frijoles,430,39,32,17
T361Hix0BDqZ7lVSz3LA,Pollo Romesco y Espinaca con Cuscús de Pimiento y Tzatziki,440,37,36,21
ZDKkw7TRLNQZBBSoGpTk,Cerdo con Especias Toscano y Puré de Papas con Ejotes y Aderezo de Tomate Asado,440,43,31,18
LHfS98CY2VIBYHc4VrKH,Pizza de Pan Plano Pad-Thai,450,49,19,21
PSvxOwXZyJD7Sv0ziADN,Avena Salada con Queso,450,40,22,22
aO8W16gKivuZIf5u5sqW,"Cerdo y Uvas Agrodulce con Especias Toscano, Kale y Champiñones",450,35,44,17
aVDYTKmwfYhdxDO1FL5a,"Salsa de Pan de Pollo, Manzana y Salvia con Coles de Bruselas Asadas, Zanahorias y Nabos",450,41,39,17
1uUXUEEglOlImmcCeUBJ,"Tilapia Glaseada Dulce y Salada sobre Cebada, Guisantes de Nieve y Champiñones",460,56,36,11
ApmtlKMPQfSZJ18cjMJ3,"Tilapia con Salsa Romesco Cremosa, Cebada, Tomates y Coles de Bruselas",460,45,35,18
DnloIt4nr5Cy1XJMj05Q,Ensalada de Carne con Kale y Especias Españolas con Aderezo Cremoso de Azafrán,460,22,31,29
JjQ4jAZKPkAZh37oWpCi,Piernas de Pollo Buffalo con Ensalada de Queso Azul,460,35,40,18
NURRK8jZeOYzAAQjB6FR,Asado de Cerdo Estilo Griego y Tzatziki con Verduras de Limón y Ajo,460,37,47,15
eTM2rWvdfZWItTFu866Z,Minestrone de Albóndigas,460,60,32,13
1WuoW7UjqSdCFb5NMxBk,Almuerzo Casero Saludable en Paquete,470,53,35,14
NFyTEFIrKZxjNg2cQ60Z,Fajitas de Carne,470,31,45,18
S06LnN5bLU5SPQWeHW8w,"Salteado de Cerdo y Freekeh con Coles de Bruselas, Zanahorias y Pimientos Shishito",470,60,31,14
SZ4aX0RfwUOq7TaCzeKN,"Pollo y Farro con Za’atar, Uvas Asadas, Cebolla y Coles de Bruselas",470,52,48,8
eJwJEa8u1Tg9IFCVsABf,"Pollo Sellado con Salsa de Queso de Cabra, Papas Asadas y Agrodolce de Zanahoria y Pimiento",470,52,44,11
hdORjLZCXGr4jTRulzqa,Ensalada de Mariscos y Quinoa a la Parrilla con Mango y Aguacate,470,56,30,16
OG4gr7sySuFSTbMPRlSm,Farrotto con Verduras Asadas y Tilapia,475,58,39,10
57KdKXUYpElQK39mIx4m,"Ensalada de Carne con Especias Mexicanas, Verduras Asadas y Aderezo Cremoso de Cilantro",480,44,33,20
9kIqhKGSIaepRmdWJyDt,Verduras Salteadas y Freekeh con Huevos y Glaseado de Miel Gochujang,480,50,21,24
cyr13gT4RihG92ysIkOg,Sándwich de Bistec y Portobello,490,43,46,14
efZOaFRuDyRmDGl89XZQ,"Pasta de Garbanzo con Salsa de Tomate Calabrio, Champiñones, Espinacas y Pimientos",490,69,26,18
gpDj4WoWHcnmPzChVfbf,Tilapia y Verdolagas al Estilo Sureño con Pimiento Piquillo y Relish de Pepinillos,490,59,36,14
oYzPf9DJGC5W9ZTSKa5e,Arroz Frito de Verduras y Freekeh con Pimientos Shishito y Cacahuates,490,49,24,23
1SFxMk42Fwtx2HGlbomT,Ensalada de Pollo y Kale con Crotones de Parmesano y Aderezo de Salsa Verde,500,39,37,24
HsOGZju4XEpRWqmIdwR4,"Chuletas de Cerdo con Especias Mexicanas, Cebada con Tomatillo y Queso Cotija",500,47,47,14
JqTTb9jRKc9SDQaNTj35,Albóndigas de Pavo Glaseadas con Naranja y Ponzu con Verduras Salteadas y Furikake,500,45,33,22
bKiF1Eugkds3NTntalsm,"Tilapia y Farro al Estilo Veracruz con Calabacín, Tomates y Jalapeño en Escabeche",500,50,36,19
T1Mva2eojPXZdToRT2b8,Espaguetis Scampi de Camarones con Fideos de Calabacín y Tomates Frescos,510,55,35,17
uoPZzpdKEiidPtAgfNtZ,"Pollo con Pesto, Verduras y Espaguetis",510,54,37,18
yCr096CUzuqfNZtrgYTR,Muslos de Pollo al Estilo Mojo con Ensalada de Cilantro y Pepitas de Ajo y Lima,510,33,39,27
43BgUIy7jnAeBWi5VXrc,Pollo Ahumado con Salsa Cremosa de Cilantro y Farro de Pimiento Dulce y Calabacín,520,47,48,16
OGjYpSaUBkmM4R8DVVTV,Ensalada Panzanella,520,46,43,18
VEYBeX6fXes28AGFgSNA,Paella de Pollo y Pimientos,540,56,55,9
tdIeIa2SziLxlMEz4zQJ,Tazones de Farro Mediterráneo con Yogur de Limón y Aceite de Chile,540,58,23,24
u1CjQnty9KYO9NZmUZ8j,Cazuela de Pavo en Sartén,540,51,56,13
1LEQA92lW9GiD4lhtEOz,"Pollo Sellado con Salsa de Queso de Cabra, Puré de Papas y Agrodolce de Zanahoria y Pimiento",560,60,47,16
GC43Rk6gZl2p2Z3AJWEt,Salmón Sellado y Vinagreta de Chalota y Dijon con Patatas Asadas y Verduras Salteadas,560,35,34,32
WqUEa02PHka5IXEOsqt9,"Arroz Frito de Quinoa con Bok Choy, Shishitos y Zanahorias",560,46,20,33
HHy6wTVzewnsAo218DpA,Ensalada de Tilapia y Farro con Especias Españolas,570,60,36,22
NnRpiKaU34KhVo9lbgKM,"Pollo y Papas Griegos con Kale Salteado, Pasas y Queso Feta",570,48,49,21
QMrCpMR00OZWXgEsOfck,Tazas de Lechuga con Res y Freekeh Especiados con Za'atar y Salsa de Limón-Tahini y Menta,570,42,38,29
XlR2dyH8ZBNnZ7q730xI,"Arroz Frito con Pollo, Repollo, Calabacín y Zanahorias",580,67,35,19
o0apaNNoN0e5ifPYOcQz,Verduras Togarashi y Muslos de Pollo con Aderezo Cremoso Ponzu-Ranch,580,26,38,38
x1Jq2xKwIiv8bOsI1N5d,"Pasta de Garbanzos con Ricotta Sazonada, Hinojo Caramelizado y Cebolla",580,72,30,24
zeAipuiFkTbJRZByY2ae,Milanesa de Pollo con Ensalada Pizzería,580,32,47,30
Exy0uPb1qaNUsPhbcOdB,Chuletas de Cerdo Selladas y Yogur de Pepino con Cebada de Verduras Za’atar,590,62,51,17
ZbtbQqZcHos5sIyrVP74,Quinoa de Salmón y Verduras con Especias Españolas y Cobertura de Almendra y Dátiles,610,47,39,30
2stbKPeHOLh7z0TvJgS4,"Tazones de Pollo con Tahini y Balsámico con Cebada, Rúcula y Pera",630,71,33,26
BbzsFRnY6BvFPsVLKH6J,Muslos de Pollo con Orégano y Fregola Sarda con Salsa de Tomate y Alcaparras,640,61,48,24
K18Bn9UItLuBHgID6OmV,"Pollo y Cuscús al Estilo Italiano con Zanahorias, Pasas y Kale",640,52,51,27
NbhKumQi2Y1SOQHmpPbb,Salmón Especiado con Za'atar con Cuscús Mediterráneo y Yogur Griego,640,41,37,37
tFyZArc9C94AZ3tsHM7a,"Tazones de Tofu y Arroz con Chipotle Picante, Aguacate y Verduras Marinadas",640,75,31,24
STzT0gLcNG3mmZavXmBv,"Pollo Especiado con Dukkah y Salsa de Naranja con Farro de Coles de Bruselas, Espinaca y Remolacha",690,52,51,31
l05NVaSePiyTRG2XvvAe,Salmón Ahumado con Salsa de Chalotas y Dátiles y Ensalada de Verduras Asadas y Kale,690,61,39,34
naam7MpPEpda3RxOXbIR,Salmón Picante con Relish de Naranja y Cuscús Salsa Verde,700,45,37,42
AJ376llDih0PIScQttLY,Brócoli Asado y Fregola Sarda con Huevos Duros y Aderezo de Tahini,720,67,28,41
